;idPedido;dtPedido;flKetchup;descUF;txtRecado
0;0;2023-05-11 05:59:33-05:00;False;Goi√°s;
1;1;2023-05-11 06:23:42-05:00;False;Paran√°;Aquela pizza perfeita! :-D
2;2;2023-05-11 06:24:29-05:00;False;S√£o Paulo;Muito obrigado!!
3;3;2023-05-11 06:29:39-05:00;False;S√£o Paulo;
4;4;2023-05-11 06:31:30-05:00;False;Rio Grande do Sul;Capricha no peperoni
5;5;2023-05-11 06:32:44-05:00;False;S√£o Paulo;
6;6;2023-05-11 06:47:54-05:00;False;Cear√°;Espero que n√£o dropem minha pizza ^^
7;7;2023-05-11 06:52:31-05:00;False;S√£o Paulo;Forno a lenha por favor.
8;8;2023-05-11 07:01:49-05:00;False;Goi√°s;
9;9;2023-05-11 07:18:25-05:00;True;Rio de Janeiro;
10;10;2023-05-11 07:19:47-05:00;True;Goi√°s;Amo voc√™s, quero dividir a pizza com voc√™s ‚ô•Ô∏è
11;11;2023-05-11 07:45:48-05:00;True;Minas Gerais;Certeza que vai ser um evento sensacional como todos os que participei desde quando conheci a LinuxTips. #Vai!!!
12;12;2023-05-11 07:56:52-05:00;False;S√£o Paulo;Show
13;13;2023-05-11 08:05:24-05:00;False;Rio Grande do Sul;Voc√™s s√£o sensacionais <3
14;14;2023-05-11 08:33:49-05:00;True;S√£o Paulo;Espero que esta pizza esteja t√£o boa quanto as outras que voc√™s servem para comunidade
15;15;2023-05-11 09:19:14-05:00;False;S√£o Paulo;Capricha!
16;16;2023-05-11 09:47:39-05:00;False;S√£o Paulo;#VAIIII <3
17;17;2023-05-11 10:16:49-05:00;False;S√£o Paulo;Quero um evento de pizzas mesmo hahaha ia ser mto mara
18;18;2023-05-11 10:36:52-05:00;True;Santa Catarina;
19;19;2023-05-11 10:48:08-05:00;True;Bahia;Aguardando muito esse treinamento. O T√©o tem uma excelente did√°tica e o Jeferson como sempre proporcionando conte√∫do para os famintos por conhecimento, rs.
20;20;2023-05-11 11:40:11-05:00;True;S√£o Paulo;Brilhem e #VAAAAIIIIIII voc√™s s√£o fodas
21;21;2023-05-11 11:45:29-05:00;False;Alagoas;Capricha no peperoni
22;22;2023-05-11 12:05:02-05:00;True;S√£o Paulo;capricha no queijo :)
23;23;2023-05-11 12:22:38-05:00;True;Paran√°;
24;24;2023-05-11 12:41:33-05:00;False;Paran√°;
25;25;2023-05-11 13:02:37-05:00;True;Rio de Janeiro;
26;26;2023-05-11 13:55:53-05:00;False;Rio de Janeiro;Gostosa demais!!!
27;27;2023-05-11 14:45:59-05:00;True;Bahia;Cuidado com o ponto do camar√£o.
28;28;2023-05-11 16:33:08-05:00;False;Minas Gerais;TOP
29;29;2023-05-11 20:09:17-05:00;False;S√£o Paulo;Estou com uma festa em casa e o pessoal est√° cheio de fome. Preciso o mais r√°pido que poss√≠vel a pizza √© bem recheada. R√°pido r√°pido eles est√£o aguardando ansiosos!
30;30;2023-05-12 04:56:30-05:00;True;S√£o Paulo;
31;31;2023-05-12 10:13:58-05:00;False;Santa Catarina;Poderia ter borda de chocolate! Hahaha
32;32;2023-05-12 10:17:59-05:00;True;Rio de Janeiro;
33;33;2023-05-12 10:34:37-05:00;False;Minas Gerais;
34;34;2023-05-12 10:34:45-05:00;True;Distrito Federal;
35;35;2023-05-12 10:45:07-05:00;True;Distrito Federal;Voc√™s s√£o FOOOODAS!
36;36;2023-05-12 10:48:02-05:00;False;Para√≠ba;vaiiii!
37;37;2023-05-12 10:48:17-05:00;True;Rio Grande do Sul;
38;38;2023-05-12 10:55:35-05:00;False;Bahia;Quero saber qual √© a forma definitiva da pron√∫ncia de SQL! Abra√ßo!
39;39;2023-05-12 11:07:08-05:00;False;Distrito Federal;Jo√£o 3.16
40;40;2023-05-12 11:19:19-05:00;True;Paran√°;
41;41;2023-05-12 11:27:09-05:00;False;Distrito Federal;Voc√™s s√£o demais!
42;42;2023-05-12 11:35:59-05:00;False;S√£o Paulo;
43;43;2023-05-12 11:52:02-05:00;True;S√£o Paulo;Voc√™s s√£o massa demais, inspira√ß√£o!
44;44;2023-05-12 12:06:11-05:00;True;Santa Catarina;
45;45;2023-05-12 12:13:16-05:00;True;Paran√°;Tu vai acabar em Pizza !!!
46;46;2023-05-12 13:24:24-05:00;True;S√£o Paulo;Capricha no queijo!
47;47;2023-05-12 13:35:58-05:00;False;S√£o Paulo;Capricha no bacon
48;48;2023-05-12 13:48:00-05:00;True;Mato Grosso do Sul;Eu moro em Lisboa
49;49;2023-05-12 14:05:08-05:00;True;Piau√≠;Muito bacana essa intera√ß√£o!!! Sucesso!!
50;50;2023-05-12 14:08:02-05:00;True;S√£o Paulo;
51;51;2023-05-12 14:21:02-05:00;True;Goi√°s;Muito queijo por favor
52;52;2023-05-12 14:50:08-05:00;True;S√£o Paulo;Sucesso!
53;53;2023-05-12 14:53:51-05:00;True;S√£o Paulo;Sem cebola rsrsrs
54;54;2023-05-12 15:22:35-05:00;False;S√£o Paulo;
55;55;2023-05-12 15:47:23-05:00;False;S√£o Paulo;Voces sao fera, tamo junto!
56;56;2023-05-12 15:49:42-05:00;True;Santa Catarina;Entrega na portaria, por favor
57;57;2023-05-12 15:54:45-05:00;True;Rio Grande do Sul;Os cursos mais fodas est√£o aqui na LinuxTips!
58;58;2023-05-12 15:55:57-05:00;False;S√£o Paulo;
59;59;2023-05-12 16:09:39-05:00;True;Rio Grande do Sul;Vaiiiiii
60;60;2023-05-12 16:22:54-05:00;False;Esp√≠rito Santo;VAIIIII
61;61;2023-05-12 16:23:58-05:00;False;Rio de Janeiro;
62;62;2023-05-12 16:38:00-05:00;True;Santa Catarina;"Parab√©ns pela din√¢mica, deixa ainda mais divertida a tal ""arte de aprender"". Show!!"
63;63;2023-05-12 16:43:09-05:00;False;S√£o Paulo;Obrigado
64;64;2023-05-12 17:15:54-05:00;False;Pernambuco;
65;65;2023-05-12 17:39:36-05:00;False;Mato Grosso;
66;66;2023-05-12 17:41:04-05:00;False;S√£o Paulo;Pizza bem passada
67;67;2023-05-12 17:46:46-05:00;False;S√£o Paulo;
68;68;2023-05-12 18:05:46-05:00;True;S√£o Paulo;
69;69;2023-05-12 18:08:45-05:00;False;Pernambuco;
70;70;2023-05-12 18:41:49-05:00;True;S√£o Paulo;A√≠ sim, trouxe o melhor cara de dados, agora s√≥ falta a parceria com a Databricks hahaha
71;71;2023-05-12 19:03:18-05:00;True;S√£o Paulo;Voc√™s s√£o froids
72;72;2023-05-12 19:57:04-05:00;False;S√£o Paulo;massa no fogo!
73;73;2023-05-13 00:39:17-05:00;True;Rio de Janeiro;Quando voces entregam a pizza? (haha)
74;74;2023-05-13 02:47:04-05:00;False;Rio Grande do Norte;Boa pra cima!
75;75;2023-05-13 03:38:24-05:00;False;S√£o Paulo;
76;76;2023-05-13 03:52:14-05:00;False;Minas Gerais;
77;77;2023-05-13 04:01:43-05:00;False;Minas Gerais;Agrade√ßo pela boa vontade em oferecer um curso gratuito
78;78;2023-05-13 04:24:00-05:00;False;Esp√≠rito Santo;N√£o deixe queimar a pizza
79;79;2023-05-13 04:55:56-05:00;True;Rio de Janeiro;Nada de ficar fazendo malabarismo com a massa, hein
80;80;2023-05-13 05:03:10-05:00;False;S√£o Paulo;Sorteia uns cursos pra n√≥s
81;81;2023-05-13 05:38:55-05:00;True;Cear√°;
82;82;2023-05-13 06:30:18-05:00;False;S√£o Paulo;
83;83;2023-05-13 06:36:15-05:00;False;Rio de Janeiro;Favor cortar em formato de pentagrama invertido.
84;84;2023-05-13 06:40:12-05:00;False;Distrito Federal;
85;85;2023-05-13 06:48:06-05:00;True;Goi√°s;
86;86;2023-05-13 06:49:24-05:00;True;S√£o Paulo;Vai ser demais esse intensivo
87;87;2023-05-13 06:56:10-05:00;False;S√£o Paulo;
88;88;2023-05-13 07:16:02-05:00;True;Rio de Janeiro;
89;89;2023-05-13 07:23:30-05:00;False;Rio de Janeiro;
90;90;2023-05-13 07:34:32-05:00;True;Cear√°;
91;91;2023-05-13 07:57:01-05:00;False;S√£o Paulo;
92;92;2023-05-13 09:03:41-05:00;False;Pernambuco;
93;93;2023-05-13 09:09:47-05:00;False;S√£o Paulo;
94;94;2023-05-13 09:27:23-05:00;True;Rio Grande do Norte;Essas iniciativas ajudam bastante quem t√° na correria do dia-a-dia para tentar da uma vida melhor para a fam√≠lia e tem que enfrentar os obst√°culos da vida, parab√©ns pela iniciativa, muito obrigado pela oportunidade!
95;95;2023-05-13 09:35:59-05:00;False;Mato Grosso;Gosto da minha pizza com massa fina e crocante e os ingredientes da cobertura n√£o podem ser em excesso, onde o sabor de um se sobressai ao outro.
96;96;2023-05-13 10:01:23-05:00;True;Piau√≠;
97;97;2023-05-13 10:20:52-05:00;False;Cear√°;
98;98;2023-05-13 10:41:12-05:00;False;Minas Gerais;Sem cebola
99;99;2023-05-13 11:29:04-05:00;False;Paran√°;S√≥ agradecer e dizer que o T√©o √© o Calvo mais cabeludo que eu j√° vi. rs
100;100;2023-05-13 11:46:30-05:00;True;S√£o Paulo;Quero bacon em peda√ßos, n√£o em fatias, obrigado!
101;101;2023-05-13 11:58:50-05:00;False;S√£o Paulo;Arrasa !
102;102;2023-05-13 13:28:26-05:00;True;Rio de Janeiro;
103;103;2023-05-13 13:34:30-05:00;False;Goi√°s;Me contrata, nunca pedi nada!
104;104;2023-05-13 14:43:50-05:00;False;S√£o Paulo;
105;105;2023-05-13 15:12:30-05:00;False;Cear√°;
106;106;2023-05-13 15:34:14-05:00;True;Goi√°s;
107;107;2023-05-13 16:08:51-05:00;False;Paran√°;
108;108;2023-05-13 16:58:49-05:00;True;Rio Grande do Sul;
109;109;2023-05-13 17:14:21-05:00;False;Cear√°;Faltou o refrigerante zero
110;110;2023-05-13 17:58:13-05:00;True;Esp√≠rito Santo;
111;111;2023-05-13 18:33:55-05:00;False;S√£o Paulo;
112;112;2023-05-13 18:40:43-05:00;True;Minas Gerais;Capricha na cogumelo e se poss√≠vle faz a pizza a palito. Parab√©ns pelo material que oferem √© incrivel.
113;113;2023-05-13 19:14:34-05:00;True;S√£o Paulo;S√≥ aguardando o preparo da pizza com o capricho de sempre! Vaaaiiii!!!
114;114;2023-05-13 23:44:51-05:00;False;Rio de Janeiro;SQL - Salve Querido Linuxtips
115;115;2023-05-14 01:53:14-05:00;True;Paran√°;Vai acabar tudo em Pizza !!!
116;116;2023-05-14 02:21:37-05:00;False;Bahia;Tem que chegar quente!
117;117;2023-05-14 03:08:52-05:00;False;S√£o Paulo;
118;118;2023-05-14 04:32:54-05:00;True;Para√≠ba;Capricha no gorgonzola e manda sach√™ de mostarda porfavor
119;119;2023-05-14 07:11:35-05:00;False;Rio Grande do Sul;
120;120;2023-05-14 09:48:37-05:00;False;Rio de Janeiro;Caprichem hein!!
121;121;2023-05-14 10:52:33-05:00;True;S√£o Paulo;Capricha na PIZZA!!!
122;122;2023-05-14 11:09:07-05:00;True;Rio de Janeiro;
123;123;2023-05-14 11:12:15-05:00;True;Par√°;
124;124;2023-05-14 11:22:37-05:00;False;Esp√≠rito Santo;me v√™ uma none pizza with left beef
125;125;2023-05-14 11:35:09-05:00;True;S√£o Paulo;
126;126;2023-05-14 13:08:31-05:00;True;Goi√°s;Bota pra assar!!!
127;127;2023-05-14 13:38:38-05:00;False;S√£o Paulo;Obrigada por disponibilizar conte√∫dos f*das para todos! Espero conseguir chegar no n√≠vel de voc√™s para tamb√©m compartilhar conhecimento! Um abra√ßo, Adelita.
128;128;2023-05-14 14:07:06-05:00;False;S√£o Paulo;Estou ansioso para o treinamento
129;129;2023-05-14 14:14:14-05:00;True;Goi√°s;
130;130;2023-05-14 14:36:32-05:00;False;S√£o Paulo;
131;131;2023-05-14 14:55:46-05:00;False;Rio de Janeiro;Favor adicionar or√©gano e pouco molho de tomate! Obrigada!
132;132;2023-05-14 16:50:41-05:00;True;Goi√°s;Pizza que √© good nois n√£o have
133;133;2023-05-14 18:12:40-05:00;True;Goi√°s;
134;134;2023-05-14 18:38:42-05:00;False;Rio Grande do Sul;"Explica de vagar por que eu n√£o entendo nada. 
Parab√©ns pessoal! 
At√© breve!"
135;135;2023-05-14 21:25:38-05:00;True;Pernambuco;
136;136;2023-05-15 02:44:46-05:00;True;S√£o Paulo;
137;137;2023-05-15 02:54:31-05:00;True;Rio de Janeiro;Me parece que o comunismo cresce
138;138;2023-05-15 03:26:26-05:00;True;Minas Gerais;
139;139;2023-05-15 03:36:15-05:00;True;Paran√°;
140;140;2023-05-15 03:50:03-05:00;True;S√£o Paulo;N
141;141;2023-05-15 03:53:53-05:00;True;Paran√°;
142;142;2023-05-15 03:58:23-05:00;False;Santa Catarina;
143;143;2023-05-15 04:03:05-05:00;False;Paran√°;VAIIII!!!
144;144;2023-05-15 04:17:08-05:00;False;Minas Gerais;
145;145;2023-05-15 04:28:23-05:00;True;Rio Grande do Sul;
146;146;2023-05-15 04:28:44-05:00;True;Cear√°;
147;147;2023-05-15 04:59:50-05:00;True;Rio de Janeiro;
148;148;2023-05-15 05:59:31-05:00;True;Rio de Janeiro;
149;149;2023-05-15 06:56:49-05:00;False;Minas Gerais;Bota queijo vegano na pr√≥xima pesquisa hehehehe
150;150;2023-05-15 07:04:43-05:00;True;Minas Gerais;
151;151;2023-05-15 07:55:34-05:00;True;Bahia;
152;152;2023-05-15 07:57:46-05:00;False;S√£o Paulo;
153;153;2023-05-15 08:00:56-05:00;False;Esp√≠rito Santo;√â uma pizza vegana.
154;154;2023-05-15 08:18:46-05:00;False;Cear√°;Vcs s√£o muito massa! üòéüòé
155;155;2023-05-15 09:03:25-05:00;True;Distrito Federal;Refrigerante zero! :)
156;156;2023-05-15 09:37:43-05:00;True;Para√≠ba;
157;157;2023-05-15 09:38:40-05:00;False;Paran√°;Queroe al bem tostada por gentileza e com bastante manjeric√£o
158;158;2023-05-15 09:38:49-05:00;False;S√£o Paulo;
159;159;2023-05-15 11:16:44-05:00;True;Esp√≠rito Santo;
160;160;2023-05-15 13:11:49-05:00;False;Mato Grosso;Quentinha, valeu!
161;161;2023-05-15 13:27:26-05:00;False;Mato Grosso;
162;162;2023-05-15 14:34:37-05:00;False;Paran√°;
163;163;2023-05-15 14:48:09-05:00;True;Bahia;Fazer a pizza em forno a lenha.
164;164;2023-05-15 14:59:30-05:00;True;S√£o Paulo;
165;165;2023-05-15 15:15:58-05:00;False;Rio Grande do Sul;
166;166;2023-05-15 15:36:22-05:00;False;S√£o Paulo;
167;167;2023-05-15 16:09:09-05:00;True;Rond√¥nia;
168;168;2023-05-15 16:23:34-05:00;False;Santa Catarina;
169;169;2023-05-15 16:54:15-05:00;False;Minas Gerais;
170;170;2023-05-15 18:02:43-05:00;True;Rio Grande do Sul;Vamos a todo vapooor!!!
171;171;2023-05-15 18:30:52-05:00;False;Distrito Federal;
172;172;2023-05-15 22:46:53-05:00;True;Esp√≠rito Santo;Let's go
173;173;2023-05-16 02:24:01-05:00;True;S√£o Paulo;Obrigado
174;174;2023-05-16 02:24:26-05:00;True;Rio de Janeiro;
175;175;2023-05-16 03:15:15-05:00;False;S√£o Paulo;Capricha na mussarela
176;176;2023-05-16 03:37:37-05:00;False;Rio de Janeiro;Obrigada
177;177;2023-05-16 04:29:47-05:00;True;Cear√°;
178;178;2023-05-16 04:30:19-05:00;False;S√£o Paulo;
179;179;2023-05-16 04:47:38-05:00;True;Rio Grande do Norte;
180;180;2023-05-16 06:18:18-05:00;True;Pernambuco;Espero q entregue em Pernambuco.
181;181;2023-05-16 06:27:28-05:00;True;S√£o Paulo;
182;182;2023-05-16 08:08:14-05:00;True;Rio de Janeiro;Parab√©ns pela iniciativa MASSA :D
183;183;2023-05-16 08:34:35-05:00;False;Rio Grande do Sul;
184;184;2023-05-16 09:13:50-05:00;True;S√£o Paulo;
185;185;2023-05-16 10:51:07-05:00;True;Mato Grosso;De da √Ågua na Boca
186;186;2023-05-16 10:52:52-05:00;False;Minas Gerais;
187;187;2023-05-16 10:54:04-05:00;False;S√£o Paulo;Fazer pizza √© t√£o simples quanto voar. VAAIIII
188;188;2023-05-16 10:56:43-05:00;True;Paran√°;
189;189;2023-05-16 10:59:57-05:00;False;S√£o Paulo;
190;190;2023-05-16 11:03:58-05:00;False;S√£o Paulo;
191;191;2023-05-16 11:04:34-05:00;True;Santa Catarina;
192;192;2023-05-16 11:11:57-05:00;True;Rio Grande do Sul;Capricha nos quejos! hahah
193;193;2023-05-16 11:12:54-05:00;True;Minas Gerais;#VAAAI
194;194;2023-05-16 11:18:04-05:00;False;S√£o Paulo;
195;195;2023-05-16 11:24:19-05:00;False;Rio Grande do Sul;Desejo a todos uma linda e rica experi√™ncia.  Obrigada pela oportunidade!
196;196;2023-05-16 11:33:52-05:00;True;Bahia;
197;197;2023-05-16 12:04:04-05:00;True;Mato Grosso;
198;198;2023-05-16 12:16:11-05:00;False;Rio Grande do Sul;
199;199;2023-05-16 12:31:20-05:00;True;Minas Gerais;
200;200;2023-05-16 12:43:03-05:00;True;Bahia;inclua nesse pedido, uma por√ß√£o grande de aprendizado
201;201;2023-05-16 13:27:43-05:00;True;Maranh√£o;Obligado
202;202;2023-05-16 14:36:34-05:00;True;S√£o Paulo;entrega do projeto pontual. vaaaiii!
203;203;2023-05-16 14:39:35-05:00;False;S√£o Paulo;
204;204;2023-05-16 15:00:49-05:00;False;S√£o Paulo;
205;205;2023-05-16 15:08:23-05:00;False;S√£o Paulo;#Vaaaaaaaaaaai
206;206;2023-05-16 15:33:16-05:00;False;S√£o Paulo;
207;207;2023-05-16 15:37:29-05:00;True;Rio de Janeiro;
208;208;2023-05-16 15:41:47-05:00;False;Paran√°;
209;209;2023-05-16 15:57:43-05:00;True;Sergipe;Iniciativas como essas t√° ajudando muito nesse momento de lay off onde as empresas passaram a pedir SQL. Muito obrigada pela oportunidade de aprender com voc√™s!
210;210;2023-05-16 16:13:51-05:00;False;Pernambuco;brabos dms
211;211;2023-05-16 16:43:58-05:00;True;Goi√°s;Zika da Gal√°xia
212;212;2023-05-16 17:16:05-05:00;True;Rio de Janeiro;
213;213;2023-05-16 17:50:56-05:00;False;Cear√°;N√£o se preocupem, vou esperar na portaria, entregador n√£o precisa e n√£o deve subir! :]
214;214;2023-05-16 18:44:54-05:00;True;Minas Gerais;
215;215;2023-05-17 03:35:00-05:00;False;S√£o Paulo;voc√™s s√£o demais, quero apresender cada vez mais com voc√™s
216;216;2023-05-17 03:36:50-05:00;False;S√£o Paulo;Mamma mia
217;217;2023-05-17 04:14:36-05:00;True;S√£o Paulo;Caprichar na Cebola
218;218;2023-05-17 04:25:39-05:00;True;Minas Gerais;
219;219;2023-05-17 04:28:31-05:00;False;Santa Catarina;Caprichem no recheio! :D
220;220;2023-05-17 05:20:22-05:00;True;Rio de Janeiro;
221;221;2023-05-17 05:29:46-05:00;False;Paran√°;Pra cima pi√°zada! Evento ser√° top!
222;222;2023-05-17 05:52:46-05:00;False;Santa Catarina;Bora la
223;223;2023-05-17 05:55:05-05:00;True;Santa Catarina;Capricha no recheio!
224;224;2023-05-17 05:56:39-05:00;False;Minas Gerais;Caprichar no recheio
225;225;2023-05-17 06:12:43-05:00;False;Pernambuco;caprichem!
226;226;2023-05-17 06:33:29-05:00;False;S√£o Paulo;
227;227;2023-05-17 06:34:34-05:00;True;Pernambuco;
228;228;2023-05-17 06:46:01-05:00;True;Cear√°;
229;229;2023-05-17 07:11:53-05:00;False;Minas Gerais;Se tiver maionese temperada eu aceito.
230;230;2023-05-17 07:18:13-05:00;False;Paran√°;
231;231;2023-05-17 07:26:05-05:00;False;Bahia;
232;232;2023-05-17 07:30:10-05:00;True;Rio de Janeiro;
233;233;2023-05-17 07:42:21-05:00;False;Alagoas;VAI!!
234;234;2023-05-17 07:42:26-05:00;False;S√£o Paulo;
235;235;2023-05-17 08:15:41-05:00;False;S√£o Paulo;Mamamia
236;236;2023-05-17 08:24:11-05:00;True;Rio Grande do Norte;Mostarda tamb√©m!
237;237;2023-05-17 09:55:07-05:00;True;Pernambuco;
238;238;2023-05-17 10:17:13-05:00;False;S√£o Paulo;
239;239;2023-05-17 11:30:18-05:00;False;Pernambuco;
240;240;2023-05-17 11:34:30-05:00;False;Pernambuco;
241;241;2023-05-17 12:13:52-05:00;True;S√£o Paulo;Cad√™ as op√ß√µes de Pizza Vegan? cad√™ o manjeric√£o?
242;242;2023-05-17 12:23:19-05:00;False;S√£o Paulo;
243;243;2023-05-17 14:55:59-05:00;True;Rio de Janeiro;N√£o.
244;244;2023-05-17 15:52:27-05:00;True;S√£o Paulo;
245;245;2023-05-17 16:55:17-05:00;True;Esp√≠rito Santo;
246;246;2023-05-17 20:33:54-05:00;True;S√£o Paulo;#VAAAAAI
247;247;2023-05-18 03:32:06-05:00;True;Cear√°;favor enviar o maionese e ketchup
248;248;2023-05-18 03:32:43-05:00;False;Para√≠ba;
249;249;2023-05-18 04:27:47-05:00;False;Rio Grande do Sul;
250;250;2023-05-18 04:36:49-05:00;False;Rio Grande do Sul;
251;251;2023-05-18 04:38:39-05:00;True;Rio Grande do Sul;
252;252;2023-05-18 05:01:51-05:00;True;S√£o Paulo;
253;253;2023-05-18 05:16:54-05:00;True;Rond√¥nia;Capricha na borda
254;254;2023-05-18 07:04:37-05:00;False;Rio Grande do Sul;
255;255;2023-05-18 07:14:16-05:00;False;S√£o Paulo;
256;256;2023-05-18 07:53:42-05:00;True;Goi√°s;
257;257;2023-05-18 08:42:10-05:00;True;S√£o Paulo;Confio na tua habilidade.
258;258;2023-05-18 08:50:46-05:00;True;S√£o Paulo;
259;259;2023-05-18 08:58:08-05:00;True;S√£o Paulo;Por que n√£o inovar e come√ßar usar borda de chocolate na pizza salgada? Rs
260;260;2023-05-18 10:27:07-05:00;False;Distrito Federal;Capricha !!!
261;261;2023-05-18 11:29:25-05:00;False;Santa Catarina;
262;262;2023-05-18 11:42:53-05:00;False;Pernambuco;
263;263;2023-05-18 12:08:57-05:00;False;Alagoas;
264;264;2023-05-18 13:46:16-05:00;False;Pernambuco;
265;265;2023-05-18 19:13:57-05:00;False;Piau√≠;Nao economiza no cheddar
266;266;2023-05-19 02:52:38-05:00;False;S√£o Paulo;
267;267;2023-05-19 03:05:39-05:00;True;Bahia;
268;268;2023-05-19 04:29:44-05:00;False;Rio de Janeiro;
269;269;2023-05-19 05:26:01-05:00;True;Sergipe;Capricha no queijo de Cabra por favor!
270;270;2023-05-19 05:30:40-05:00;False;Rio de Janeiro;
271;271;2023-05-19 06:52:47-05:00;True;S√£o Paulo;
272;272;2023-05-19 06:59:32-05:00;False;S√£o Paulo;Capricha
273;273;2023-05-19 07:47:32-05:00;False;S√£o Paulo;pizza grande por favor
274;274;2023-05-19 07:51:49-05:00;False;Minas Gerais;
275;275;2023-05-19 09:46:43-05:00;False;S√£o Paulo;
276;276;2023-05-19 10:29:09-05:00;True;S√£o Paulo;
277;277;2023-05-19 10:40:39-05:00;True;Maranh√£o;
278;278;2023-05-19 10:43:14-05:00;False;Bahia;
279;279;2023-05-19 11:13:34-05:00;True;Paran√°;
280;280;2023-05-19 12:15:45-05:00;False;S√£o Paulo;Muito obrigado pelo seu esfor√ßo em nos passar conte√∫do gratuito.
281;281;2023-05-19 12:39:30-05:00;True;Goi√°s;Vcs s√£o feras!
282;282;2023-05-19 15:05:18-05:00;False;Bahia;
283;283;2023-05-19 17:29:00-05:00;False;S√£o Paulo;Massa fina!
284;284;2023-05-19 17:47:16-05:00;True;S√£o Paulo;Capricha na pimenta! Tks
285;285;2023-05-19 19:18:29-05:00;False;Tocantins;
286;286;2023-05-20 01:10:55-05:00;False;Pernambuco;
287;287;2023-05-20 08:52:47-05:00;False;Minas Gerais;
288;288;2023-05-20 10:30:36-05:00;False;S√£o Paulo;J√° acompanho ambos nas redes sociais. Parab√©ns pelo trabalho dos dois. Muito obrigado pelo workshop gratuito!
289;289;2023-05-20 13:28:57-05:00;True;Paran√°;
290;290;2023-05-20 16:43:04-05:00;False;S√£o Paulo;Capricha no recheio a√™
291;291;2023-05-21 03:12:38-05:00;True;Minas Gerais;
292;292;2023-05-21 10:29:35-05:00;False;Rio Grande do Norte;
293;293;2023-05-21 12:24:48-05:00;False;Rio de Janeiro;Voc√™s s√£o fodas! A linuxtips √© foda!
294;294;2023-05-21 14:23:16-05:00;True;Rio Grande do Sul;
295;295;2023-05-21 16:05:48-05:00;True;Rio de Janeiro;Continuem com o trabalho FODASTICOO
296;296;2023-05-21 18:28:38-05:00;True;S√£o Paulo;
297;297;2023-05-21 20:07:02-05:00;False;Mato Grosso;√â a primeira pizza com br√≥colis que pe√ßo, estou curiosa (sou p√©ssima em combina√ß√µes culin√°rias).
298;298;2023-05-22 02:13:31-05:00;False;Rio de Janeiro;Agrade√ßo a voc√™s pelo o que est√£o oferecendo.
299;299;2023-05-22 04:21:38-05:00;True;Rio de Janeiro;
300;300;2023-05-22 05:23:11-05:00;True;Minas Gerais;
301;301;2023-05-22 07:52:52-05:00;True;Rio de Janeiro;Fatiado em 8 peda√ßos, por favor (: hahah
302;302;2023-05-22 09:57:04-05:00;False;Distrito Federal;Me ajuda na transi√ß√£o de carreira
303;303;2023-05-22 10:13:06-05:00;True;S√£o Paulo;Bora comer essa pizza?!
304;304;2023-05-22 11:05:10-05:00;False;Goi√°s;Ansioso!!
305;305;2023-05-22 11:13:43-05:00;True;Santa Catarina;
306;306;2023-05-22 12:55:43-05:00;True;Par√°;#VAAAAIII
307;307;2023-05-22 14:17:26-05:00;False;S√£o Paulo;Sucesso
308;308;2023-05-22 14:33:25-05:00;True;S√£o Paulo;Estou ansiosa para comer essa pizza rsrsr
309;309;2023-05-22 14:52:19-05:00;True;Rio de Janeiro;
310;310;2023-05-22 17:29:08-05:00;True;Minas Gerais;
311;311;2023-05-22 18:39:44-05:00;False;S√£o Paulo;
312;312;2023-05-22 19:25:53-05:00;False;S√£o Paulo;S2
313;313;2023-05-23 03:21:46-05:00;False;Rio de Janeiro;
314;314;2023-05-23 03:21:59-05:00;False;Paran√°;Brabos
315;315;2023-05-23 03:22:31-05:00;True;Amazonas;Para viagem, por favor!
316;316;2023-05-23 03:22:57-05:00;True;Minas Gerais;
317;317;2023-05-23 03:23:51-05:00;True;Esp√≠rito Santo;
318;318;2023-05-23 03:24:06-05:00;True;Rio Grande do Sul;
319;319;2023-05-23 03:24:06-05:00;False;Para√≠ba;Caprichem no curso, digo, na pizza!
320;320;2023-05-23 03:24:58-05:00;True;Sergipe;
321;321;2023-05-23 03:26:43-05:00;True;Esp√≠rito Santo;
322;322;2023-05-23 03:30:53-05:00;False;S√£o Paulo;
323;323;2023-05-23 03:31:31-05:00;False;Minas Gerais;Um abra√ßo do Lucas Carlos
324;324;2023-05-23 03:32:05-05:00;True;Maranh√£o;Sua Pizzazinha √© uma del√≠cinha
325;325;2023-05-23 03:32:43-05:00;True;Rio de Janeiro;Obrigado pela iniciativa, o T√©o Calvo √© nota 1000
326;326;2023-05-23 03:35:48-05:00;True;Minas Gerais;
327;327;2023-05-23 03:36:30-05:00;True;Goi√°s;Fiquei triste por n√£o ter borda doce :/ Parab√©ns pelo projeto, voc√™s s√£o demais!
328;328;2023-05-23 03:38:12-05:00;True;S√£o Paulo;
329;329;2023-05-23 03:38:29-05:00;True;Rio de Janeiro;
330;330;2023-05-23 03:38:30-05:00;True;S√£o Paulo;Capricha no bacon a√≠
331;331;2023-05-23 03:45:26-05:00;True;Alagoas;"Pizza tem recheio ou cobertura?

Sucesso, voc√™s s√£o brabos."
332;332;2023-05-23 03:45:57-05:00;True;Santa Catarina;Ansiosa .
333;333;2023-05-23 03:46:15-05:00;False;Pernambuco;
334;334;2023-05-23 03:46:55-05:00;True;Goi√°s;Capricha na borda de Cream Cheese
335;335;2023-05-23 03:47:20-05:00;True;Minas Gerais;
336;336;2023-05-23 03:47:23-05:00;True;Rio Grande do Sul;Mamma Mia!
337;337;2023-05-23 03:47:54-05:00;False;S√£o Paulo;
338;338;2023-05-23 03:49:19-05:00;True;Goi√°s;Parabens pela iniciativa pizzaiolos bonitos!!!!!
339;339;2023-05-23 03:49:46-05:00;True;S√£o Paulo;
340;340;2023-05-23 03:50:15-05:00;True;Paran√°;Queijo veg pls
341;341;2023-05-23 03:54:27-05:00;False;S√£o Paulo;Venceremos!
342;342;2023-05-23 03:59:15-05:00;True;Minas Gerais;
343;343;2023-05-23 04:03:47-05:00;False;S√£o Paulo;
344;344;2023-05-23 04:03:52-05:00;False;Rio de Janeiro;
345;345;2023-05-23 04:05:37-05:00;False;Bahia;Massa fina por favor! Risos!
346;346;2023-05-23 04:09:45-05:00;False;S√£o Paulo;Capricha na borda! No Ketchup rs
347;347;2023-05-23 04:13:59-05:00;False;S√£o Paulo;
348;348;2023-05-23 04:16:11-05:00;False;Santa Catarina;
349;349;2023-05-23 04:16:15-05:00;False;S√£o Paulo;Entrega rapida, por favor
350;350;2023-05-23 04:16:16-05:00;False;S√£o Paulo;
351;351;2023-05-23 04:19:42-05:00;True;Esp√≠rito Santo;Desejo-lhes muita paz de esp√≠rito para poder ministrar as aulas com sabedoria.
352;352;2023-05-23 04:21:55-05:00;True;Acre;
353;353;2023-05-23 04:22:09-05:00;False;Mato Grosso;
354;354;2023-05-23 04:22:37-05:00;False;S√£o Paulo;
355;355;2023-05-23 04:24:16-05:00;False;Rio de Janeiro;Enche de queijo
356;356;2023-05-23 04:24:25-05:00;True;Minas Gerais;
357;357;2023-05-23 04:30:17-05:00;False;Paran√°;
358;358;2023-05-23 04:32:33-05:00;False;Minas Gerais;
359;359;2023-05-23 04:35:09-05:00;False;S√£o Paulo;No capricho
360;360;2023-05-23 04:35:20-05:00;True;Goi√°s;
361;361;2023-05-23 04:38:10-05:00;True;Minas Gerais;
362;362;2023-05-23 04:38:58-05:00;True;S√£o Paulo;Capricha no bacon!
363;363;2023-05-23 04:41:05-05:00;False;Santa Catarina;Valeu pessoal, voc√™s s√£o feras!
364;364;2023-05-23 04:42:19-05:00;True;Rio de Janeiro;Voc√™s s√£o brabos!!!
365;365;2023-05-23 04:44:23-05:00;False;S√£o Paulo;
366;366;2023-05-23 04:44:32-05:00;False;Rio de Janeiro;
367;367;2023-05-23 04:47:57-05:00;False;S√£o Paulo;estou FAMINTO para aprender SQL!!
368;368;2023-05-23 04:48:46-05:00;False;Bahia;
369;369;2023-05-23 04:49:24-05:00;False;Minas Gerais;
370;370;2023-05-23 04:50:14-05:00;False;Rio de Janeiro;Vamos por a m√£o na massa!!!!!
371;371;2023-05-23 04:50:23-05:00;True;Minas Gerais;
372;372;2023-05-23 04:51:14-05:00;False;Rio de Janeiro;Pizza se come com a m√£o! Abra√ßo do pessoal de estat√≠stica da ufjf! R+Python+SQL
373;373;2023-05-23 04:51:25-05:00;True;Distrito Federal;Caprichem na mussarela.
374;374;2023-05-23 04:52:17-05:00;False;Rio Grande do Norte;Faltou o tamanho, quantidade e se era rod√≠zio ou n√£o.
375;375;2023-05-23 04:53:51-05:00;True;Cear√°;Quero ligeiro
376;376;2023-05-23 04:54:58-05:00;False;S√£o Paulo;
377;377;2023-05-23 04:55:03-05:00;True;Cear√°;Fome!!!!!!!!!!!!!! rsrsrsrs
378;378;2023-05-23 04:56:08-05:00;False;Minas Gerais;
379;379;2023-05-23 05:01:07-05:00;False;S√£o Paulo;Um beijo pra voc√™s!!!
380;380;2023-05-23 05:02:13-05:00;False;Esp√≠rito Santo;Obrigado pela aula!
381;381;2023-05-23 05:07:48-05:00;False;S√£o Paulo;
382;382;2023-05-23 05:12:46-05:00;False;Esp√≠rito Santo;
383;383;2023-05-23 05:13:52-05:00;True;Bahia;Assa essa a√≠ com carinho
384;384;2023-05-23 05:14:00-05:00;False;S√£o Paulo;Que seja una Bella Pizza!!!!
385;385;2023-05-23 05:16:35-05:00;False;Paran√°;
386;386;2023-05-23 05:17:42-05:00;False;Minas Gerais;
387;387;2023-05-23 05:17:55-05:00;False;S√£o Paulo;
388;388;2023-05-23 05:23:28-05:00;True;Santa Catarina;
389;389;2023-05-23 05:26:25-05:00;True;S√£o Paulo;Gostaria do recheio de maneira uniforme e fazer a cara do mickey com a lingui√ßa calabresa defumada.
390;390;2023-05-23 05:34:54-05:00;False;S√£o Paulo;
391;391;2023-05-23 05:38:30-05:00;True;S√£o Paulo;
392;392;2023-05-23 05:39:40-05:00;False;Cear√°;
393;393;2023-05-23 05:42:31-05:00;False;Distrito Federal;a excel√™ncia na qualidade fideliza clientes
394;394;2023-05-23 05:44:54-05:00;True;Rio de Janeiro;Mande bem crocante!
395;395;2023-05-23 05:50:55-05:00;True;Santa Catarina;
396;396;2023-05-23 05:51:40-05:00;False;Santa Catarina;
397;397;2023-05-23 05:53:30-05:00;True;Par√°;Pode caprichar no bacon
398;398;2023-05-23 06:01:43-05:00;False;Esp√≠rito Santo;
399;399;2023-05-23 06:07:57-05:00;True;Paran√°;
400;400;2023-05-23 06:12:55-05:00;True;Santa Catarina;
401;401;2023-05-23 06:19:17-05:00;True;Minas Gerais;Ol√°, gostaria de entender como √© feita a integra√ß√£o, do banco de dados com um programa em python.
402;402;2023-05-23 06:21:13-05:00;True;S√£o Paulo;
403;403;2023-05-23 06:25:52-05:00;True;Rio de Janeiro;
404;404;2023-05-23 06:33:00-05:00;False;Rio de Janeiro;Capricha que hoje estou triste!
405;405;2023-05-23 06:38:11-05:00;True;Paran√°;
406;406;2023-05-23 06:41:17-05:00;True;S√£o Paulo;
407;407;2023-05-23 06:44:15-05:00;True;Rio de Janeiro;Ansiosa pra conhecer a din√¢mica da Pizza Query! :)
408;408;2023-05-23 06:45:13-05:00;False;S√£o Paulo;
409;409;2023-05-23 06:48:14-05:00;False;S√£o Paulo;Por favor n√£o queime as bordas, n√£o acrescente cebola nem cebolinha (por engano), mas se tiver manjeric√£o, pode acrescentar.
410;410;2023-05-23 06:52:43-05:00;True;Paran√°;Vaaaaaiiiii!
411;411;2023-05-23 07:07:14-05:00;False;Minas Gerais;Parab√©ns pela iniciativa e continuem fornecendo um conte√∫do t√£o precioso como esse! O mundo agradece
412;412;2023-05-23 07:14:16-05:00;False;S√£o Paulo;Entrega r√°pida, estou morrendo de fome!!!!!
413;413;2023-05-23 07:18:39-05:00;False;S√£o Paulo;
414;414;2023-05-23 07:20:37-05:00;False;S√£o Paulo;Gratina o queijo e por favor deixe a base da massa crocante
415;415;2023-05-23 07:24:32-05:00;True;Esp√≠rito Santo;
416;416;2023-05-23 07:24:38-05:00;False;Rio de Janeiro;
417;417;2023-05-23 07:28:29-05:00;False;Paran√°;
418;418;2023-05-23 07:32:58-05:00;True;Rio de Janeiro;
419;419;2023-05-23 07:33:12-05:00;False;S√£o Paulo;
420;420;2023-05-23 07:37:48-05:00;False;S√£o Paulo;
421;421;2023-05-23 07:46:57-05:00;True;S√£o Paulo;
422;422;2023-05-23 07:58:37-05:00;True;S√£o Paulo;
423;423;2023-05-23 08:00:25-05:00;False;Para√≠ba;Valeu!
424;424;2023-05-23 08:01:41-05:00;False;Minas Gerais;
425;425;2023-05-23 08:13:39-05:00;True;Rio de Janeiro;
426;426;2023-05-23 08:14:49-05:00;False;Paran√°;
427;427;2023-05-23 08:25:49-05:00;False;S√£o Paulo;De a ordem camaradas
428;428;2023-05-23 08:30:31-05:00;True;Rio de Janeiro;
429;429;2023-05-23 08:34:09-05:00;True;Minas Gerais;
430;430;2023-05-23 08:50:41-05:00;False;Bahia;forno aceso aqui no Bairro de Brotas, na cidade de Salvador, na Bahia.
431;431;2023-05-23 08:51:31-05:00;False;Santa Catarina;
432;432;2023-05-23 08:52:25-05:00;False;S√£o Paulo;Capricha na borda chefe!
433;433;2023-05-23 08:56:43-05:00;False;Rio de Janeiro;
434;434;2023-05-23 08:58:18-05:00;True;Minas Gerais;
435;435;2023-05-23 09:07:37-05:00;False;Rio Grande do Sul;
436;436;2023-05-23 09:08:44-05:00;True;Santa Catarina;
437;437;2023-05-23 09:29:05-05:00;False;S√£o Paulo;
438;438;2023-05-23 09:42:04-05:00;False;S√£o Paulo;Salve!
439;439;2023-05-23 09:42:40-05:00;False;Paran√°;T√£o contratando ajudante de pizzaiolo?
440;440;2023-05-23 09:50:20-05:00;True;Pernambuco;que a pizza chegue quentinha na minha casa, por favor
441;441;2023-05-23 09:52:15-05:00;True;S√£o Paulo;
442;442;2023-05-23 09:59:21-05:00;True;Paran√°;Fiquei com fome respondendo esse formul√°rio...
443;443;2023-05-23 10:00:49-05:00;True;Rio de Janeiro;"Faltou o ""Frango com catupiry"" =("
444;444;2023-05-23 10:06:49-05:00;False;S√£o Paulo;Vai ter sorteio de vale-pizza para os participantes?
445;445;2023-05-23 10:23:50-05:00;True;Santa Catarina;Caprichem no recheio
446;446;2023-05-23 10:24:52-05:00;True;Minas Gerais;
447;447;2023-05-23 10:39:55-05:00;True;Rio Grande do Sul;
448;448;2023-05-23 11:09:31-05:00;True;Bahia;
449;449;2023-05-23 11:09:54-05:00;True;Cear√°;
450;450;2023-05-23 11:21:23-05:00;True;Rio Grande do Norte;Vai!!!!!!!
451;451;2023-05-23 11:28:36-05:00;True;Distrito Federal;
452;452;2023-05-23 11:28:51-05:00;False;Paran√°;
453;453;2023-05-23 11:30:02-05:00;False;S√£o Paulo;Boa pizza!
454;454;2023-05-23 11:58:56-05:00;False;S√£o Paulo;
455;455;2023-05-23 12:06:49-05:00;False;S√£o Paulo;puta falta de sacanagem so tenho 13 reais no vr (minhadona aqui) e vcs vem com PIZZA p ensinar a n√£o √© possiver
456;456;2023-05-23 12:28:20-05:00;False;S√£o Paulo;Bora pra cima
457;457;2023-05-23 12:29:33-05:00;True;Minas Gerais;Capricha!
458;458;2023-05-23 12:45:45-05:00;False;Minas Gerais;
459;459;2023-05-23 12:47:47-05:00;False;S√£o Paulo;
460;460;2023-05-23 12:52:52-05:00;False;S√£o Paulo;
461;461;2023-05-23 12:54:04-05:00;True;Amazonas;Vamos nessa! E fazer a melhor pizza do mundo.
462;462;2023-05-23 13:16:10-05:00;False;Pernambuco;Preparem a larica, que eu t√¥ chegando com o salve!
463;463;2023-05-23 13:20:54-05:00;True;Pernambuco;Faltou o ingrediente molho de tomate kkkkk S2
464;464;2023-05-23 13:22:00-05:00;False;Cear√°;
465;465;2023-05-23 13:29:34-05:00;True;Cear√°;
466;466;2023-05-23 13:30:49-05:00;True;Rio de Janeiro;Gratid√£o!
467;467;2023-05-23 13:36:52-05:00;False;Cear√°;
468;468;2023-05-23 13:46:33-05:00;False;S√£o Paulo;
469;469;2023-05-23 13:48:19-05:00;True;Rio de Janeiro;
470;470;2023-05-23 13:51:26-05:00;False;S√£o Paulo;n√£o queima a parte de baixo
471;471;2023-05-23 13:51:49-05:00;True;Esp√≠rito Santo;
472;472;2023-05-23 13:52:26-05:00;True;Esp√≠rito Santo;"SELECT fAprendizado
FROM melhorlivedemaio"
473;473;2023-05-23 14:01:13-05:00;True;Esp√≠rito Santo;Boa sorte rs
474;474;2023-05-23 14:06:55-05:00;False;S√£o Paulo;
475;475;2023-05-23 14:15:55-05:00;False;S√£o Paulo;Bora por a m√£o na massa!
476;476;2023-05-23 14:16:40-05:00;False;S√£o Paulo;#PIZZATIME...VAIII
477;477;2023-05-23 14:19:53-05:00;True;S√£o Paulo;
478;478;2023-05-23 14:46:20-05:00;False;S√£o Paulo;Ketchup na pizza √© crime!!!!
479;479;2023-05-23 14:57:53-05:00;False;Pernambuco;
480;480;2023-05-23 15:06:44-05:00;False;Sergipe;
481;481;2023-05-23 15:12:45-05:00;True;Santa Catarina;<3
482;482;2023-05-23 15:19:54-05:00;True;Rio Grande do Sul;
483;483;2023-05-23 15:32:08-05:00;False;Mato Grosso do Sul;Borda com cerveja
484;484;2023-05-23 15:44:26-05:00;True;Paran√°;
485;485;2023-05-23 16:36:47-05:00;True;S√£o Paulo;
486;486;2023-05-23 16:54:17-05:00;True;S√£o Paulo;Capricha nos recheios
487;487;2023-05-23 17:00:32-05:00;False;S√£o Paulo;Massa bem passada e SQL turbinado Tela
488;488;2023-05-23 17:42:55-05:00;False;Pernambuco;
489;489;2023-05-23 18:06:20-05:00;True;Rio de Janeiro;"A semana vai terminar em pizza?!! ;)"
490;490;2023-05-23 18:23:55-05:00;False;Bahia;
491;491;2023-05-23 18:25:47-05:00;True;S√£o Paulo;Fa√ßa bem feito! haha
492;492;2023-05-23 20:04:04-05:00;False;Paran√°;Quero
493;493;2023-05-23 21:47:07-05:00;True;Minas Gerais;Bem dourada!
494;494;2023-05-23 23:34:21-05:00;True;Cear√°;Voc√™s s√£o demais.  Vaiiii
495;495;2023-05-24 00:54:25-05:00;False;S√£o Paulo;Faltou o exilados da gringa no estado que voc√™ mora rsrsrs ansioso pro treinamento!
496;496;2023-05-24 01:01:54-05:00;True;Para√≠ba;
497;497;2023-05-24 02:01:14-05:00;True;S√£o Paulo;
498;498;2023-05-24 02:09:16-05:00;True;Rio de Janeiro;
499;499;2023-05-24 02:49:26-05:00;False;Distrito Federal;Arriba! Andale
500;500;2023-05-24 02:58:28-05:00;True;S√£o Paulo;No capricho. Fome de conhecimento
501;501;2023-05-24 03:03:39-05:00;False;Santa Catarina;Deixa a massa bem no ponto sem deixar passar o restante dos ingredientes
502;502;2023-05-24 03:11:39-05:00;True;Minas Gerais;Vcs s√£o foda!
503;503;2023-05-24 03:51:36-05:00;False;S√£o Paulo;
504;504;2023-05-24 04:01:14-05:00;False;S√£o Paulo;To com fome
505;505;2023-05-24 04:06:34-05:00;False;S√£o Paulo;Voc√™s s√£o uns lindos
506;506;2023-05-24 04:10:27-05:00;False;Rio Grande do Sul;Fatiar a pizza em apenas quatro partes.
507;507;2023-05-24 04:19:18-05:00;False;Minas Gerais;
508;508;2023-05-24 04:21:58-05:00;True;Paran√°;
509;509;2023-05-24 04:27:08-05:00;True;Sergipe;Capricha no catupiry.
510;510;2023-05-24 04:41:20-05:00;True;S√£o Paulo;Bora para cima mano, √© nois!!!
511;511;2023-05-24 04:44:14-05:00;True;Cear√°;
512;512;2023-05-24 05:20:14-05:00;True;S√£o Paulo;A pizza vai ser brinde?? Ahaha
513;513;2023-05-24 05:41:24-05:00;True;S√£o Paulo;Queremos desconto
514;514;2023-05-24 06:05:22-05:00;True;S√£o Paulo;Capricha na borda!
515;515;2023-05-24 06:26:13-05:00;False;Minas Gerais;
516;516;2023-05-24 06:27:32-05:00;False;Distrito Federal;
517;517;2023-05-24 06:45:57-05:00;False;S√£o Paulo;
518;518;2023-05-24 07:00:36-05:00;False;Minas Gerais;Parab√©ns por mais essa iniciativa, e fogo nos racistas!
519;519;2023-05-24 07:01:57-05:00;False;S√£o Paulo;
520;520;2023-05-24 07:14:18-05:00;False;S√£o Paulo;Capricha no recheio, por favor.
521;521;2023-05-24 07:23:48-05:00;True;Bahia;
522;522;2023-05-24 07:42:01-05:00;True;Bahia;Que massa!!!
523;523;2023-05-24 07:50:06-05:00;True;Minas Gerais;
524;524;2023-05-24 07:56:37-05:00;True;S√£o Paulo;Sacanagem ter que preencher isso aqui na hora do almo√ßo! hahaha
525;525;2023-05-24 08:19:23-05:00;True;Goi√°s;
526;526;2023-05-24 08:24:36-05:00;False;S√£o Paulo;Teo me Why!!!!!!
527;527;2023-05-24 08:27:05-05:00;True;Paran√°;Capricha no abacaxi, pleaaseee
528;528;2023-05-24 08:28:25-05:00;True;Rio de Janeiro;
529;529;2023-05-24 08:28:57-05:00;False;S√£o Paulo;
530;530;2023-05-24 08:29:03-05:00;False;Pernambuco;
531;531;2023-05-24 08:29:24-05:00;False;S√£o Paulo;
532;532;2023-05-24 08:29:39-05:00;False;S√£o Paulo;
533;533;2023-05-24 08:29:55-05:00;False;Santa Catarina;√â a pizza dos meus sonhos
534;534;2023-05-24 08:30:01-05:00;True;S√£o Paulo;
535;535;2023-05-24 08:30:21-05:00;False;S√£o Paulo;Na parte do ingrediente 5, por favor trocar o roquefort por gorgonzola, por favor.
536;536;2023-05-24 08:30:27-05:00;True;Sergipe;
537;537;2023-05-24 08:31:14-05:00;False;S√£o Paulo;Capricha!
538;538;2023-05-24 08:31:20-05:00;True;Paran√°;
539;539;2023-05-24 08:31:39-05:00;False;Cear√°;Parabens pelo trabalho, galera!
540;540;2023-05-24 08:31:48-05:00;False;S√£o Paulo;Vcs s√£o foda!
541;541;2023-05-24 08:32:04-05:00;True;Paran√°;Capricha!
542;542;2023-05-24 08:32:11-05:00;True;Bahia;
543;543;2023-05-24 08:32:24-05:00;False;S√£o Paulo;Capricha na cebola por gentileza
544;544;2023-05-24 08:32:37-05:00;False;S√£o Paulo;
545;545;2023-05-24 08:33:06-05:00;False;Santa Catarina;
546;546;2023-05-24 08:33:14-05:00;False;S√£o Paulo;Voc√™s fazem um trabalho bom demais
547;547;2023-05-24 08:33:26-05:00;True;S√£o Paulo;
548;548;2023-05-24 08:33:29-05:00;True;S√£o Paulo;
549;549;2023-05-24 08:33:42-05:00;True;S√£o Paulo;Capricha na azeitona
550;550;2023-05-24 08:33:57-05:00;False;Pernambuco;
551;551;2023-05-24 08:34:23-05:00;False;S√£o Paulo;
552;552;2023-05-24 08:34:30-05:00;False;Esp√≠rito Santo;
553;553;2023-05-24 08:34:41-05:00;True;Pernambuco;Quero que chegue quentinha !
554;554;2023-05-24 08:35:00-05:00;True;S√£o Paulo;
555;555;2023-05-24 08:35:06-05:00;False;Minas Gerais;Senti falta da op√ß√£o presunto parma!!
556;556;2023-05-24 08:35:16-05:00;False;Distrito Federal;
557;557;2023-05-24 08:35:24-05:00;True;Cear√°;
558;558;2023-05-24 08:35:58-05:00;False;Pernambuco;"Escreve ""Te amo"" com ketchup, por favor. √â pra minha namorada."
559;559;2023-05-24 08:36:08-05:00;False;S√£o Paulo;Faltou manjeric√£o!
560;560;2023-05-24 08:36:18-05:00;False;Rio de Janeiro;
561;561;2023-05-24 08:36:30-05:00;False;Esp√≠rito Santo;Sucesso nessa nova pizzaria! Capricha no queijo
562;562;2023-05-24 08:36:47-05:00;True;S√£o Paulo;Capricha.
563;563;2023-05-24 08:36:51-05:00;False;Minas Gerais;Sem cebola, sou al√©rgico
564;564;2023-05-24 08:37:03-05:00;False;S√£o Paulo;Capricha na cebola!
565;565;2023-05-24 08:37:08-05:00;False;S√£o Paulo;
566;566;2023-05-24 08:37:19-05:00;True;Pernambuco;Pode caprichar no queijo
567;567;2023-05-24 08:37:52-05:00;False;S√£o Paulo;Fique com fominha ... e agora ? Quanto tempo a entrega ?
568;568;2023-05-24 08:38:35-05:00;False;S√£o Paulo;
569;569;2023-05-24 08:39:12-05:00;False;Mato Grosso do Sul;Massa crocante, nada de queimado nas bordas.
570;570;2023-05-24 08:39:12-05:00;True;Cear√°;
571;571;2023-05-24 08:39:15-05:00;False;S√£o Paulo;
572;572;2023-05-24 08:39:44-05:00;False;S√£o Paulo;Muito legal!
573;573;2023-05-24 08:39:54-05:00;True;Alagoas;
574;574;2023-05-24 08:40:02-05:00;False;Bahia;Voc√™s s√£o fod@!
575;575;2023-05-24 08:40:04-05:00;False;S√£o Paulo;Espero que a pergunta sobre o ketchup seja para julgamento!!!!!!!!!
576;576;2023-05-24 08:40:43-05:00;False;S√£o Paulo;Manda pizza!
577;577;2023-05-24 08:41:07-05:00;True;S√£o Paulo;
578;578;2023-05-24 08:41:30-05:00;True;S√£o Paulo;N√£o
579;579;2023-05-24 08:41:43-05:00;True;Rio de Janeiro;Ketchup na pizza sim üòä
580;580;2023-05-24 08:41:53-05:00;True;Rio de Janeiro;Capricha no molho de tomate kkk
581;581;2023-05-24 08:42:05-05:00;True;Distrito Federal;Faltou aquela pizza doce :)
582;582;2023-05-24 08:42:06-05:00;False;S√£o Paulo;Faltou manjeric√£o. Boa aula!
583;583;2023-05-24 08:42:42-05:00;False;S√£o Paulo;
584;584;2023-05-24 08:43:14-05:00;False;S√£o Paulo;
585;585;2023-05-24 08:43:28-05:00;True;S√£o Paulo;Por favor, capricha no recheio chefe!
586;586;2023-05-24 08:43:39-05:00;True;Esp√≠rito Santo;Pode caprichar na borda e no Bacon
587;587;2023-05-24 08:43:51-05:00;False;Bahia;Parab√©ns pelo trampo!
588;588;2023-05-24 08:44:01-05:00;False;S√£o Paulo;Obrigado por contribu√≠rem tanto para a comunidade!
589;589;2023-05-24 08:44:02-05:00;False;S√£o Paulo;
590;590;2023-05-24 08:44:13-05:00;True;Rio de Janeiro;Parab√©ns!!
591;591;2023-05-24 08:44:15-05:00;False;S√£o Paulo;sacanagem responder esse forms, deu fome hahahah
592;592;2023-05-24 08:44:25-05:00;False;S√£o Paulo;
593;593;2023-05-24 08:44:47-05:00;True;Rio de Janeiro;Boas fornadas!!
594;594;2023-05-24 08:44:48-05:00;False;S√£o Paulo;
595;595;2023-05-24 08:44:52-05:00;False;Rio Grande do Sul;#venceremos
596;596;2023-05-24 08:45:16-05:00;True;Rio de Janeiro;
597;597;2023-05-24 08:45:25-05:00;False;Distrito Federal;Que seja assada no forno de lenha!
598;598;2023-05-24 08:45:25-05:00;True;Goi√°s;Faltou borda de chocolate, em
599;599;2023-05-24 08:45:29-05:00;True;Santa Catarina;Dobro de recheio
600;600;2023-05-24 08:46:35-05:00;False;S√£o Paulo;
601;601;2023-05-24 08:46:53-05:00;False;S√£o Paulo;
602;602;2023-05-24 08:47:02-05:00;False;Rio Grande do Sul;Prepara a pizza para viagem!
603;603;2023-05-24 08:47:03-05:00;True;Paran√°;
604;604;2023-05-24 08:47:46-05:00;False;S√£o Paulo;
605;605;2023-05-24 08:47:56-05:00;False;S√£o Paulo;
606;606;2023-05-24 08:49:17-05:00;False;Minas Gerais;
607;607;2023-05-24 08:49:19-05:00;True;S√£o Paulo;Por Favor, sem cebola, em hip√≥tese nenhuma!
608;608;2023-05-24 08:49:34-05:00;False;S√£o Paulo;Sem cebola kkk
609;609;2023-05-24 08:50:25-05:00;False;S√£o Paulo;
610;610;2023-05-24 08:50:43-05:00;False;Rio de Janeiro;#Vaai!!
611;611;2023-05-24 08:51:33-05:00;False;Para√≠ba;massa bem tostada, por favor.
612;612;2023-05-24 08:51:35-05:00;False;Paran√°;Continuem mandando esse conte√∫do de qualidade manos!
613;613;2023-05-24 08:51:42-05:00;False;S√£o Paulo;Gosto da massa mais ao ponto n√£o gosto dela crocante
614;614;2023-05-24 08:51:48-05:00;True;Distrito Federal;Faz um portuguesa
615;615;2023-05-24 08:51:57-05:00;True;Alagoas;N√£o queimem a pizza
616;616;2023-05-24 08:52:16-05:00;True;Rio de Janeiro;
617;617;2023-05-24 08:52:16-05:00;False;Alagoas;o/
618;618;2023-05-24 08:52:30-05:00;True;Rio Grande do Norte;
619;619;2023-05-24 08:52:35-05:00;True;Minas Gerais;
620;620;2023-05-24 08:52:46-05:00;True;Rio de Janeiro;Capricha no milho
621;621;2023-05-24 08:53:18-05:00;False;Rio de Janeiro;Amo voc√™s!
622;622;2023-05-24 08:53:18-05:00;False;Distrito Federal;
623;623;2023-05-24 08:53:27-05:00;False;Mato Grosso;T√¥ com fomeee!
624;624;2023-05-24 08:53:38-05:00;False;Rio Grande do Norte;
625;625;2023-05-24 08:53:53-05:00;False;S√£o Paulo;Muito obrigado!
626;626;2023-05-24 08:53:54-05:00;False;S√£o Paulo;
627;627;2023-05-24 08:54:01-05:00;False;S√£o Paulo;
628;628;2023-05-24 08:54:23-05:00;False;Minas Gerais;
629;629;2023-05-24 08:54:50-05:00;False;Paran√°;√Ågua sem G√°s
630;630;2023-05-24 08:55:08-05:00;True;Pernambuco;
631;631;2023-05-24 08:55:34-05:00;True;Santa Catarina;oiee
632;632;2023-05-24 08:56:29-05:00;True;Mato Grosso;
633;633;2023-05-24 08:56:30-05:00;False;Rio de Janeiro;tomate seco caseiro feito no forno
634;634;2023-05-24 08:57:03-05:00;False;S√£o Paulo;Capricha no queijo
635;635;2023-05-24 08:58:05-05:00;False;Distrito Federal;Fa√ßa a pizza com muito amor e update, sem esquecer de quando fazer delete antes do where coloque o not no meu cora√ß√£o.
636;636;2023-05-24 08:58:30-05:00;False;Paran√°;VAAAAAAI
637;637;2023-05-24 08:59:24-05:00;True;Cear√°;
638;638;2023-05-24 08:59:29-05:00;True;Pernambuco;
639;639;2023-05-24 08:59:33-05:00;True;Minas Gerais;SEUS LINDOOOOOSSSSSSS
640;640;2023-05-24 09:00:16-05:00;True;S√£o Paulo;Suco sem a√ß√∫car
641;641;2023-05-24 09:00:31-05:00;True;Santa Catarina;
642;642;2023-05-24 09:01:56-05:00;False;S√£o Paulo;
643;643;2023-05-24 09:02:05-05:00;False;Alagoas;Somente os parab√©ns !
644;644;2023-05-24 09:03:01-05:00;True;Paran√°;Capricha nessa üçï
645;645;2023-05-24 09:03:13-05:00;True;Cear√°;Vai da Bom!!!
646;646;2023-05-24 09:03:24-05:00;True;S√£o Paulo;Conseguem entregar at√© √†s 21hs?! Valeuuuu
647;647;2023-05-24 09:03:41-05:00;False;S√£o Paulo;Hip√≥tese 1: alto √≠ndice de ketchup em RJ rsrs
648;648;2023-05-24 09:03:47-05:00;False;S√£o Paulo;
649;649;2023-05-24 09:04:26-05:00;False;Paran√°;
650;650;2023-05-24 09:04:49-05:00;False;Rio Grande do Sul;capricha mestre üôåüôå
651;651;2023-05-24 09:04:49-05:00;False;S√£o Paulo;
652;652;2023-05-24 09:05:48-05:00;True;S√£o Paulo;
653;653;2023-05-24 09:06:13-05:00;True;Goi√°s;
654;654;2023-05-24 09:06:17-05:00;True;Acre;para entregar na rua do calvo no acre
655;655;2023-05-24 09:07:06-05:00;True;Paran√°;Parab√©ns pelo baita trabalho
656;656;2023-05-24 09:07:16-05:00;False;Pernambuco;Vcs s√£o demais! Agradecida por mais essa oportunidade de evolu√ß√£o! Mais um treinamento no capricho! <3
657;657;2023-05-24 09:07:24-05:00;True;Rio Grande do Norte;Caprichem!!
658;658;2023-05-24 09:07:36-05:00;True;Rio de Janeiro;
659;659;2023-05-24 09:08:15-05:00;False;Roraima;N√£o vou pagar entrega
660;660;2023-05-24 09:08:15-05:00;True;Distrito Federal;
661;661;2023-05-24 09:08:36-05:00;False;Rio Grande do Sul;
662;662;2023-05-24 09:09:08-05:00;False;Mato Grosso do Sul;Bora assar essas pizzas!!!!!
663;663;2023-05-24 09:09:43-05:00;True;S√£o Paulo;Null
664;664;2023-05-24 09:10:05-05:00;False;Para√≠ba;S2
665;665;2023-05-24 09:10:14-05:00;True;Bahia;
666;666;2023-05-24 09:10:43-05:00;True;Paran√°;Voc√™s s√£o sensacionais!!
667;667;2023-05-24 09:10:43-05:00;False;Minas Gerais;Favor, n√£o empinar a moto durante a entrega
668;668;2023-05-24 09:11:07-05:00;True;Bahia;Vc √© foda
669;669;2023-05-24 09:12:25-05:00;True;Pernambuco;se chegar fria eu n√£o pago !!
670;670;2023-05-24 09:13:43-05:00;True;S√£o Paulo;Sucesso!
671;671;2023-05-24 09:14:23-05:00;False;Minas Gerais;
672;672;2023-05-24 09:14:33-05:00;False;S√£o Paulo;Gelim√£o no copo, por favor
673;673;2023-05-24 09:14:33-05:00;False;S√£o Paulo;
674;674;2023-05-24 09:15:08-05:00;False;Paran√°;
675;675;2023-05-24 09:16:10-05:00;True;S√£o Paulo;
676;676;2023-05-24 09:16:10-05:00;False;Santa Catarina;
677;677;2023-05-24 09:16:32-05:00;True;Minas Gerais;
678;678;2023-05-24 09:16:34-05:00;False;Paran√°;
679;679;2023-05-24 09:17:20-05:00;True;S√£o Paulo;
680;680;2023-05-24 09:18:32-05:00;False;Paran√°;
681;681;2023-05-24 09:18:50-05:00;True;Pernambuco;"Capricha no recheio! ;)"
682;682;2023-05-24 09:19:13-05:00;False;S√£o Paulo;Fala se t√° solteiro, Teo
683;683;2023-05-24 09:19:13-05:00;True;S√£o Paulo;Mama Mia!!
684;684;2023-05-24 09:20:11-05:00;False;S√£o Paulo;Um abra√ßo pro T√©o!
685;685;2023-05-24 09:20:19-05:00;True;Paran√°;
686;686;2023-05-24 09:21:07-05:00;False;S√£o Paulo;
687;687;2023-05-24 09:21:08-05:00;False;S√£o Paulo;Capricha!
688;688;2023-05-24 09:21:14-05:00;False;Bahia;Ansiosa pelo meu pedido!
689;689;2023-05-24 09:21:35-05:00;True;Esp√≠rito Santo;
690;690;2023-05-24 09:21:36-05:00;True;Rio Grande do Sul;
691;691;2023-05-24 09:21:53-05:00;False;S√£o Paulo;
692;692;2023-05-24 09:22:08-05:00;True;Esp√≠rito Santo;
693;693;2023-05-24 09:23:14-05:00;True;Santa Catarina;
694;694;2023-05-24 09:23:53-05:00;False;Cear√°;Demora muito?
695;695;2023-05-24 09:24:57-05:00;True;Rio Grande do Sul;Gosto da pizza bem tostada!
696;696;2023-05-24 09:25:30-05:00;False;S√£o Paulo;
697;697;2023-05-24 09:26:07-05:00;False;Paran√°;R√°pido que deu fome aqui.
698;698;2023-05-24 09:26:40-05:00;True;Esp√≠rito Santo;Troco pra R$ 100 por favor.
699;699;2023-05-24 09:27:11-05:00;False;S√£o Paulo;
700;700;2023-05-24 09:28:29-05:00;False;S√£o Paulo;
701;701;2023-05-24 09:29:54-05:00;True;Amazonas;Lindos, por favor usem touca e luvas.
702;702;2023-05-24 09:30:28-05:00;False;Para√≠ba;Sou seu f√£, Teo!
703;703;2023-05-24 09:31:08-05:00;True;Minas Gerais;
704;704;2023-05-24 09:31:23-05:00;False;Rio Grande do Sul;
705;705;2023-05-24 09:33:11-05:00;True;S√£o Paulo;
706;706;2023-05-24 09:35:39-05:00;False;Rio Grande do Norte;üöÄ
707;707;2023-05-24 09:36:36-05:00;False;S√£o Paulo;
708;708;2023-05-24 09:38:30-05:00;True;Cear√°;Gosto muito das iniciativas de voc√™s
709;709;2023-05-24 09:39:16-05:00;True;Tocantins;Continuem contribuindo com o mundo de dados ‚ù§Ô∏è
710;710;2023-05-24 09:40:10-05:00;False;Rio de Janeiro;
711;711;2023-05-24 09:40:20-05:00;False;S√£o Paulo;Voc√™s s√£o os melhores~ \o/
712;712;2023-05-24 09:40:52-05:00;False;S√£o Paulo;
713;713;2023-05-24 09:41:45-05:00;True;S√£o Paulo;
714;714;2023-05-24 09:41:58-05:00;True;Rio Grande do Sul;
715;715;2023-05-24 09:42:01-05:00;False;Sergipe;Faz um gr√°fico de pizza caprichado a√≠
716;716;2023-05-24 09:42:34-05:00;True;Goi√°s;Que as pizzas de voc√™s possam gerar muito conhecimento.
717;717;2023-05-24 09:42:41-05:00;False;S√£o Paulo;
718;718;2023-05-24 09:43:36-05:00;True;S√£o Paulo;
719;719;2023-05-24 09:44:15-05:00;True;S√£o Paulo;
720;720;2023-05-24 09:44:35-05:00;False;Goi√°s;N√£o use ketchup na pizza
721;721;2023-05-24 09:44:45-05:00;False;S√£o Paulo;"Cara, que fome! N√£o se acha pizza com alcaparra no fim de mundo onde habito.
Voc√™s s√£o maravilhosos!"
722;722;2023-05-24 09:46:37-05:00;True;S√£o Paulo;N√£o deixar o ketchup encostar na beterraba.
723;723;2023-05-24 09:48:00-05:00;True;Minas Gerais;N√£o pude pedir minha pizza de chocolate com queijo, mas se tiverem chocolate pode trocar por qualquer ingrediente, incluindo massa e borda üòá
724;724;2023-05-24 09:48:19-05:00;False;S√£o Paulo;Por favor de uma leve tostada na borda.
725;725;2023-05-24 09:50:42-05:00;False;S√£o Paulo;
726;726;2023-05-24 09:50:48-05:00;True;Rond√¥nia;O T√©o parece o Leo do Supercombo
727;727;2023-05-24 09:51:15-05:00;False;Bahia;
728;728;2023-05-24 09:52:04-05:00;False;Cear√°;Borda bem recheada por favor.
729;729;2023-05-24 09:52:13-05:00;False;Rio de Janeiro;
730;730;2023-05-24 09:52:45-05:00;False;Rio Grande do Sul;Por enquanto n√£o. :D
731;731;2023-05-24 09:53:27-05:00;False;Paran√°;
732;732;2023-05-24 09:55:06-05:00;False;Minas Gerais;Por favor, mandar um abra√ßo para o meu amigo Fazueli
733;733;2023-05-24 09:55:44-05:00;False;S√£o Paulo;Massa bem assada por favor e inserir no menu de op√ß√µes borda doce, aka, chocolate!
734;734;2023-05-24 09:56:21-05:00;False;Santa Catarina;N√£o esque√ßa o molho de tomate!
735;735;2023-05-24 09:57:14-05:00;False;S√£o Paulo;
736;736;2023-05-24 09:57:22-05:00;False;S√£o Paulo;
737;737;2023-05-24 09:57:52-05:00;True;Rio Grande do Norte;
738;738;2023-05-24 09:59:38-05:00;True;S√£o Paulo;
739;739;2023-05-24 09:59:40-05:00;False;Alagoas;Pq pepperoni est√° em primeiro lugar na lista de ingredientes? kkkkkk
740;740;2023-05-24 10:01:03-05:00;False;S√£o Paulo;
741;741;2023-05-24 10:02:48-05:00;False;S√£o Paulo;
742;742;2023-05-24 10:03:03-05:00;False;Alagoas;
743;743;2023-05-24 10:03:28-05:00;True;Par√°;
744;744;2023-05-24 10:04:20-05:00;True;Rio Grande do Sul;Boa sorte!!
745;745;2023-05-24 10:04:26-05:00;True;Santa Catarina;
746;746;2023-05-24 10:04:48-05:00;True;S√£o Paulo;
747;747;2023-05-24 10:05:11-05:00;True;Rio de Janeiro;
748;748;2023-05-24 10:05:36-05:00;True;Minas Gerais;
749;749;2023-05-24 10:05:41-05:00;True;S√£o Paulo;Bolsonaro na cadeia!
750;750;2023-05-24 10:06:36-05:00;False;Pernambuco;
751;751;2023-05-24 10:07:16-05:00;False;S√£o Paulo;
752;752;2023-05-24 10:07:32-05:00;True;Minas Gerais;Em busca do top 1 f√£ e Disc√≠pulo do Teo e ser aluno linuxtips
753;753;2023-05-24 10:08:14-05:00;True;Minas Gerais;No ponto!
754;754;2023-05-24 10:08:20-05:00;False;Rio de Janeiro;
755;755;2023-05-24 10:09:01-05:00;False;Sergipe;
756;756;2023-05-24 10:09:05-05:00;False;S√£o Paulo;
757;757;2023-05-24 10:09:27-05:00;False;Minas Gerais;
758;758;2023-05-24 10:09:59-05:00;False;S√£o Paulo;
759;759;2023-05-24 10:10:16-05:00;True;Santa Catarina;
760;760;2023-05-24 10:10:42-05:00;False;Rio Grande do Sul;Capricha no queijo!
761;761;2023-05-24 10:10:44-05:00;False;Cear√°;You rock!
762;762;2023-05-24 10:12:07-05:00;True;Minas Gerais;Gostaria de uma pizza de cupim ao alho mas nao achei os ingrediente :(
763;763;2023-05-24 10:12:21-05:00;True;S√£o Paulo;Por favor agilize a fabrica√ß√£o, pois estou com fome!!!!! Obrigada :)
764;764;2023-05-24 10:13:13-05:00;False;S√£o Paulo;
765;765;2023-05-24 10:13:36-05:00;False;S√£o Paulo;Jeff me beija
766;766;2023-05-24 10:13:54-05:00;False;Rio Grande do Norte;
767;767;2023-05-24 10:14:37-05:00;True;Pernambuco;Voc√™s s√£o FODAS! ‚ù§Ô∏è
768;768;2023-05-24 10:15:26-05:00;False;Paran√°;Caaapricha chefia!
769;769;2023-05-24 10:15:26-05:00;False;Rio Grande do Sul;
770;770;2023-05-24 10:15:46-05:00;False;S√£o Paulo;Vcs s√£o os caras
771;771;2023-05-24 10:17:56-05:00;True;Bahia;
772;772;2023-05-24 10:19:03-05:00;True;Rio Grande do Sul;
773;773;2023-05-24 10:19:29-05:00;True;Minas Gerais;Capricha nos ingredientes que o boi √© grande!
774;774;2023-05-24 10:20:06-05:00;True;Cear√°;
775;775;2023-05-24 10:21:38-05:00;False;Santa Catarina;
776;776;2023-05-24 10:22:14-05:00;False;Paran√°;
777;777;2023-05-24 10:22:29-05:00;True;S√£o Paulo;
778;778;2023-05-24 10:22:39-05:00;True;Santa Catarina;
779;779;2023-05-24 10:23:13-05:00;False;Rio Grande do Sul;
780;780;2023-05-24 10:23:30-05:00;False;S√£o Paulo;Desenha um goku na caixa da pizz
781;781;2023-05-24 10:24:11-05:00;False;Minas Gerais;
782;782;2023-05-24 10:24:16-05:00;False;S√£o Paulo;M√£e, eu to ao vivo na twitch.tv/teomewhy
783;783;2023-05-24 10:24:21-05:00;False;Rio Grande do Sul;Capricha no queijo!
784;784;2023-05-24 10:24:53-05:00;True;S√£o Paulo;
785;785;2023-05-24 10:25:59-05:00;False;S√£o Paulo;
786;786;2023-05-24 10:27:10-05:00;False;Rio de Janeiro;
787;787;2023-05-24 10:27:50-05:00;True;Rio Grande do Sul;Baita conteudooooo!
788;788;2023-05-24 10:29:57-05:00;True;Paran√°;
789;789;2023-05-24 10:31:02-05:00;True;Pernambuco;
790;790;2023-05-24 10:31:25-05:00;False;S√£o Paulo;
791;791;2023-05-24 10:32:08-05:00;False;Paran√°;
792;792;2023-05-24 10:32:12-05:00;False;Rio de Janeiro;Continuem com esse trabalho sensacional, a comunidade agradece!
793;793;2023-05-24 10:32:21-05:00;True;Goi√°s;
794;794;2023-05-24 10:33:00-05:00;False;Paran√°;
795;795;2023-05-24 10:34:11-05:00;True;Esp√≠rito Santo;
796;796;2023-05-24 10:34:33-05:00;True;Paran√°;
797;797;2023-05-24 10:34:56-05:00;False;Rio Grande do Sul;Vou querer uma fatia da pizza na hora da aula!
798;798;2023-05-24 10:36:11-05:00;True;Paran√°;
799;799;2023-05-24 10:36:59-05:00;False;Para√≠ba;
800;800;2023-05-24 10:37:52-05:00;False;Para√≠ba;
801;801;2023-05-24 10:38:51-05:00;True;Rio de Janeiro;
802;802;2023-05-24 10:39:28-05:00;False;Santa Catarina;Quero pizza vegan!
803;803;2023-05-24 10:40:28-05:00;True;S√£o Paulo;
804;804;2023-05-24 10:42:15-05:00;True;Bahia;
805;805;2023-05-24 10:43:52-05:00;True;S√£o Paulo;Voc√™s s√£o fodas!
806;806;2023-05-24 10:45:00-05:00;False;Pernambuco;Seria massa jantar essa pizza hoje! S2
807;807;2023-05-24 10:48:32-05:00;True;S√£o Paulo;select * from cad_pizza p where p.pizza=‚Äòfrango especial‚Äô
808;808;2023-05-24 10:48:59-05:00;True;Rio de Janeiro;
809;809;2023-05-24 10:49:00-05:00;False;S√£o Paulo;
810;810;2023-05-24 10:49:41-05:00;False;S√£o Paulo;Azeitona preta, por favor.
811;811;2023-05-24 10:52:46-05:00;False;Rio de Janeiro;Faltou uma op√ß√£o pra quem n√£o mora no Brasil
812;812;2023-05-24 10:54:47-05:00;True;Rio de Janeiro;
813;813;2023-05-24 10:55:22-05:00;False;S√£o Paulo;Tamb√©m sou calvo! #TodosCalvos
814;814;2023-05-24 10:57:15-05:00;False;S√£o Paulo;
815;815;2023-05-24 10:58:29-05:00;False;S√£o Paulo;
816;816;2023-05-24 10:59:41-05:00;False;Pernambuco;Seria massa jantar essa pizza hoje! S2
817;817;2023-05-24 10:59:46-05:00;True;S√£o Paulo;
818;818;2023-05-24 11:00:30-05:00;True;Bahia;Capricha no recheio campe√£o!!!
819;819;2023-05-24 11:02:31-05:00;True;Rio de Janeiro;
820;820;2023-05-24 11:04:07-05:00;False;S√£o Paulo;Bonde da Pizza de SQL!
821;821;2023-05-24 11:05:15-05:00;True;Paran√°;
822;822;2023-05-24 11:05:40-05:00;True;Esp√≠rito Santo;Tr√°s um azeite tamb√©m
823;823;2023-05-24 11:07:23-05:00;True;Bahia;Capricha
824;824;2023-05-24 11:08:04-05:00;True;Rio Grande do Norte;"Adicionar borda de Chocolate!! \o/
Vcs s√£o fod@h!! Obrigado por mais um projeto e por fortalecer a comunidade!! üêß"
825;825;2023-05-24 11:09:29-05:00;True;Minas Gerais;
826;826;2023-05-24 11:12:00-05:00;True;Minas Gerais;Capricha no queijo Brie!
827;827;2023-05-24 11:12:38-05:00;True;Pernambuco;N√£o tem combina√ß√£o melhor!
828;828;2023-05-24 11:13:14-05:00;True;S√£o Paulo;Bem assada pfv. E pede para o motoboy n√£o chamar a moto no grau
829;829;2023-05-24 11:14:44-05:00;True;S√£o Paulo;"Obrigado por contribu√≠rem com uma ""fatia de pizza"" t√£o vasta quanto a de voc√™s!"
830;830;2023-05-24 11:14:58-05:00;True;Pernambuco;
831;831;2023-05-24 11:15:34-05:00;False;S√£o Paulo;
832;832;2023-05-24 11:21:47-05:00;True;Para√≠ba;
833;833;2023-05-24 11:23:10-05:00;False;Distrito Federal;Quero ver o resultado, hehehehe
834;834;2023-05-24 11:24:43-05:00;True;Rio de Janeiro;
835;835;2023-05-24 11:26:08-05:00;True;Pernambuco;Faz o Bond SQL
836;836;2023-05-24 11:26:16-05:00;True;Minas Gerais;
837;837;2023-05-24 11:32:40-05:00;False;S√£o Paulo;"Calabresa e bacon bem passados, por favor (;"
838;838;2023-05-24 11:33:03-05:00;False;S√£o Paulo;
839;839;2023-05-24 11:35:30-05:00;False;Paran√°;
840;840;2023-05-24 11:37:15-05:00;True;S√£o Paulo;Que a entrega seja r√°pida! Por favor!
841;841;2023-05-24 11:40:33-05:00;False;Distrito Federal;E olha s√≥ hein?
842;842;2023-05-24 11:40:37-05:00;True;S√£o Paulo;Vaiiiiii
843;843;2023-05-24 11:43:36-05:00;True;Paran√°;Voc√™s s√£o lindos
844;844;2023-05-24 11:48:21-05:00;True;Goi√°s;Primeira vez pedindo pizza
845;845;2023-05-24 11:50:01-05:00;False;S√£o Paulo;
846;846;2023-05-24 11:50:21-05:00;True;Rio Grande do Norte;Capriche!!!!
847;847;2023-05-24 11:52:10-05:00;True;S√£o Paulo;
848;848;2023-05-24 11:56:45-05:00;False;Paran√°;Meu marido queria uma de quatro queijos mas eu n√£o quero. Ser√° que ceis podem dizer que veio essa por engano?
849;849;2023-05-24 11:56:59-05:00;True;S√£o Paulo;"continuem com o incr√≠vel trabalho de voc√™s, formando cada vez mais pizzaiolos ;D"
850;850;2023-05-24 11:57:00-05:00;True;Minas Gerais;
851;851;2023-05-24 11:57:36-05:00;True;Minas Gerais;Sem cebola por favor
852;852;2023-05-24 11:57:58-05:00;False;S√£o Paulo;
853;853;2023-05-24 12:01:34-05:00;True;Goi√°s;
854;854;2023-05-24 12:02:15-05:00;False;Minas Gerais;
855;855;2023-05-24 12:04:40-05:00;False;Paran√°;Voc√™s s√£o fod# demais!!
856;856;2023-05-24 12:05:28-05:00;False;Rio de Janeiro;Prazo de entrega √© importante!
857;857;2023-05-24 12:05:41-05:00;False;S√£o Paulo;
858;858;2023-05-24 12:05:42-05:00;False;S√£o Paulo;
859;859;2023-05-24 12:06:12-05:00;False;S√£o Paulo;
860;860;2023-05-24 12:09:18-05:00;True;Mato Grosso;Moda da Casa, no adicional por favor ü§©
861;861;2023-05-24 12:09:42-05:00;False;S√£o Paulo;Um salve da basedosdados.org
862;862;2023-05-24 12:10:40-05:00;False;Pernambuco;faltou um queijo vegano :(
863;863;2023-05-24 12:11:07-05:00;False;S√£o Paulo;Continuem fazendo o que fazem com amor
864;864;2023-05-24 12:11:22-05:00;False;S√£o Paulo;Amassa no catupiry!
865;865;2023-05-24 12:12:00-05:00;False;S√£o Paulo;
866;866;2023-05-24 12:12:16-05:00;False;Roraima;Manda um salve pro Prof. Cuca Beludo
867;867;2023-05-24 12:13:05-05:00;True;Distrito Federal;Vcs s√£o zica!!
868;868;2023-05-24 12:14:51-05:00;False;S√£o Paulo;
869;869;2023-05-24 12:15:02-05:00;False;S√£o Paulo;Voc√™s s√£o incr√≠veis!!
870;870;2023-05-24 12:15:32-05:00;True;S√£o Paulo;Forte abra√ßo meus queridos!
871;871;2023-05-24 12:17:45-05:00;False;S√£o Paulo;Bootcamp de machine learning!
872;872;2023-05-24 12:18:58-05:00;True;Santa Catarina;Olha essa pizzaria tem nada vegano, decepcionado, mas j√° to aqui n√© ahahahaha
873;873;2023-05-24 12:22:08-05:00;False;S√£o Paulo;
874;874;2023-05-24 12:22:58-05:00;True;Distrito Federal;Voc√™s s√£o top d+
875;875;2023-05-24 12:24:51-05:00;False;S√£o Paulo;Queria saber o que d√° com este questionario
876;876;2023-05-24 12:25:00-05:00;True;Minas Gerais;Vamos combinar pizza e cervejinha
877;877;2023-05-24 12:28:00-05:00;True;Distrito Federal;
878;878;2023-05-24 12:29:07-05:00;False;S√£o Paulo;
879;879;2023-05-24 12:30:52-05:00;True;Amazonas;Salve vcs s√£o zica demais, abra√ßo!!!
880;880;2023-05-24 12:31:14-05:00;False;Paran√°;O molho de tomate est√° incluso? :s
881;881;2023-05-24 12:33:46-05:00;False;S√£o Paulo;Caprichado  como sempre
882;882;2023-05-24 12:35:56-05:00;False;Rio Grande do Sul;Quero cortada em 8 peda√ßos!
883;883;2023-05-24 12:37:59-05:00;False;S√£o Paulo;Aguardando a pizza ansiosamente!
884;884;2023-05-24 12:38:10-05:00;True;Rond√¥nia;Entregar a pizza quentinha no capricho!
885;885;2023-05-24 12:40:42-05:00;False;S√£o Paulo;
886;886;2023-05-24 12:43:27-05:00;True;S√£o Paulo;"O T√©o pode ser calvo, a pizza n√£o!
Capricha no recheio ai!"
887;887;2023-05-24 12:45:42-05:00;True;Paran√°;
888;888;2023-05-24 12:48:20-05:00;False;S√£o Paulo;
889;889;2023-05-24 12:49:58-05:00;True;S√£o Paulo;
890;890;2023-05-24 12:54:10-05:00;False;Bahia;
891;891;2023-05-24 12:58:36-05:00;False;Esp√≠rito Santo;
892;892;2023-05-24 12:59:25-05:00;True;Bahia;Venham para o Devops Days Salvador, bjo
893;893;2023-05-24 12:59:59-05:00;True;Goi√°s;Vaiiiii!! Sucesso sempre!
894;894;2023-05-24 13:00:08-05:00;False;S√£o Paulo;
895;895;2023-05-24 13:02:29-05:00;True;Minas Gerais;
896;896;2023-05-24 13:03:49-05:00;False;Sergipe;
897;897;2023-05-24 13:05:28-05:00;False;Cear√°;
898;898;2023-05-24 13:10:27-05:00;False;Paran√°;#vai
899;899;2023-05-24 13:12:58-05:00;True;Rio de Janeiro;CAPRICHEM!!
900;900;2023-05-24 13:15:12-05:00;True;Cear√°;
901;901;2023-05-24 13:16:42-05:00;False;Rio de Janeiro;
902;902;2023-05-24 13:17:37-05:00;True;S√£o Paulo;
903;903;2023-05-24 13:18:52-05:00;False;Rio de Janeiro;Fiquei com vontade de comer pizza agora : (
904;904;2023-05-24 13:20:32-05:00;False;S√£o Paulo;
905;905;2023-05-24 13:20:56-05:00;True;Rio de Janeiro;
906;906;2023-05-24 13:21:34-05:00;False;Paran√°;
907;907;2023-05-24 13:24:56-05:00;False;S√£o Paulo;Capricha no recheio!
908;908;2023-05-24 13:27:17-05:00;False;S√£o Paulo;"INSERT INTO LINUX_TIPS.LIVE_SQL VALUES (""Muito sucesso!"", ""Iniciativa show de bola"", ""VAI!"")"
909;909;2023-05-24 13:29:24-05:00;True;Rio de Janeiro;Muito obrigado pela oportunidade!!
910;910;2023-05-24 13:30:15-05:00;True;S√£o Paulo;
911;911;2023-05-24 13:30:52-05:00;False;S√£o Paulo;Pizza monstruosa meus caros
912;912;2023-05-24 13:32:02-05:00;False;S√£o Paulo;
913;913;2023-05-24 13:34:19-05:00;True;Cear√°;Voc√™s s√£o Demais!!!!! #vai !!!!!!!!!!
914;914;2023-05-24 13:35:05-05:00;False;Goi√°s;Vamos!
915;915;2023-05-24 13:35:20-05:00;False;S√£o Paulo;Poderia ter pizza quadrada ? kkkk valeu mestres
916;916;2023-05-24 13:36:10-05:00;True;Minas Gerais;Espero que a Live seja proveitosa... UpUpUp!!!
917;917;2023-05-24 13:37:54-05:00;True;Cear√°;Cerveja IPA
918;918;2023-05-24 13:38:28-05:00;False;S√£o Paulo;"Iniciando a jornada com essa aula, sou 100% leigo sobre o tema.
Espero aprender e gostar do tema."
919;919;2023-05-24 13:42:14-05:00;False;S√£o Paulo;
920;920;2023-05-24 13:42:43-05:00;True;Distrito Federal;
921;921;2023-05-24 13:45:24-05:00;False;Rio de Janeiro;Manda mostarda!!
922;922;2023-05-24 13:48:07-05:00;False;Rio Grande do Sul;Faltou cora√ß√£o de frango nos ingredientes (√© cl√°ssico aqui no RS)
923;923;2023-05-24 13:48:29-05:00;True;Rio de Janeiro;
924;924;2023-05-24 13:48:49-05:00;True;S√£o Paulo;Faltou batata frita nos ingredientes - pizza de batata frita √© a melhor
925;925;2023-05-24 13:49:39-05:00;False;Minas Gerais;
926;926;2023-05-24 13:50:23-05:00;False;S√£o Paulo;
927;927;2023-05-24 13:55:32-05:00;True;Distrito Federal;Sem cebola
928;928;2023-05-24 14:01:41-05:00;True;Bahia;VAAAAAAAAI
929;929;2023-05-24 14:02:01-05:00;True;S√£o Paulo;Obrigada por ensinarem!
930;930;2023-05-24 14:03:18-05:00;False;Santa Catarina;VAAAAAIIII
931;931;2023-05-24 14:03:49-05:00;True;S√£o Paulo;Capricha na uva passa! =D
932;932;2023-05-24 14:03:49-05:00;True;Rio Grande do Sul;
933;933;2023-05-24 14:03:57-05:00;True;S√£o Paulo;
934;934;2023-05-24 14:04:35-05:00;True;Pernambuco;
935;935;2023-05-24 14:04:54-05:00;True;Paran√°;
936;936;2023-05-24 14:05:09-05:00;True;Alagoas;
937;937;2023-05-24 14:10:55-05:00;False;Rio de Janeiro;
938;938;2023-05-24 14:14:01-05:00;True;Paran√°;Topppppp
939;939;2023-05-24 14:14:13-05:00;True;S√£o Paulo;Capricha na massa, fina e deliciosa!
940;940;2023-05-24 14:17:16-05:00;False;S√£o Paulo;
941;941;2023-05-24 14:18:54-05:00;True;Maranh√£o;Manda uma pizzazinha pra mim
942;942;2023-05-24 14:20:04-05:00;True;Minas Gerais;
943;943;2023-05-24 14:22:42-05:00;False;Goi√°s;Mama mia!!
944;944;2023-05-24 14:23:05-05:00;False;S√£o Paulo;
945;945;2023-05-24 14:23:31-05:00;True;Minas Gerais;
946;946;2023-05-24 14:23:37-05:00;True;Mato Grosso do Sul;
947;947;2023-05-24 14:23:42-05:00;True;S√£o Paulo;Voc√™s S√£o F.......%$@
948;948;2023-05-24 14:24:04-05:00;True;S√£o Paulo;
949;949;2023-05-24 14:24:22-05:00;True;Bahia;
950;950;2023-05-24 14:24:44-05:00;False;Pernambuco;
951;951;2023-05-24 14:25:00-05:00;False;Distrito Federal;
952;952;2023-05-24 14:25:19-05:00;True;Para√≠ba;
953;953;2023-05-24 14:25:46-05:00;True;Cear√°;#TMJ
954;954;2023-05-24 14:26:06-05:00;False;Rio de Janeiro;Azeita!
955;955;2023-05-24 14:26:09-05:00;True;Pernambuco;
956;956;2023-05-24 14:26:11-05:00;False;Cear√°;
957;957;2023-05-24 14:26:24-05:00;True;Cear√°;
958;958;2023-05-24 14:26:33-05:00;True;Maranh√£o;
959;959;2023-05-24 14:28:02-05:00;True;Cear√°;Muito massa o trabalho que voc√™s fazem! Obrigada!!!
960;960;2023-05-24 14:28:53-05:00;False;S√£o Paulo;Exagere no bacon
961;961;2023-05-24 14:29:38-05:00;True;Goi√°s;
962;962;2023-05-24 14:29:40-05:00;True;Cear√°;
963;963;2023-05-24 14:29:48-05:00;True;Goi√°s;Parab√©ns por proporem isso para a comunidade, vai ajudar muita gente!!
964;964;2023-05-24 14:30:21-05:00;False;S√£o Paulo;
965;965;2023-05-24 14:31:38-05:00;False;S√£o Paulo;Capricha ai meus manos hahahaha vlwww
966;966;2023-05-24 14:32:00-05:00;True;Minas Gerais;
967;967;2023-05-24 14:32:33-05:00;False;S√£o Paulo;Cerveja estupidamente gelada por favor!
968;968;2023-05-24 14:33:10-05:00;True;S√£o Paulo;
969;969;2023-05-24 14:34:22-05:00;False;S√£o Paulo;
970;970;2023-05-24 14:42:48-05:00;True;Distrito Federal;
971;971;2023-05-24 14:43:16-05:00;True;S√£o Paulo;Podemos batizar a pizza de outlier vegetariano?
972;972;2023-05-24 14:43:50-05:00;True;S√£o Paulo;
973;973;2023-05-24 14:45:38-05:00;False;S√£o Paulo;senti falta de alguns ingredientes p.e: frango, champignon
974;974;2023-05-24 14:47:07-05:00;True;Rio Grande do Sul;Voc√™s s√£o fera demais!
975;975;2023-05-24 14:48:06-05:00;True;Rio de Janeiro;Jeff, tu √© o cara! T√©o conheci agora, mas √© brabo d+
976;976;2023-05-24 14:49:02-05:00;False;Cear√°;
977;977;2023-05-24 14:52:12-05:00;False;S√£o Paulo;s√≥ #VAIIIIIIII
978;978;2023-05-24 14:52:27-05:00;True;Paran√°;Aula muito detalhada e completa!!! #VAAIII
979;979;2023-05-24 14:52:34-05:00;False;Piau√≠;Faltou a borda de chocolate. Assim, d√° pra pedir uma pizza salgado com borda de chocolate para a sobremesa :p
980;980;2023-05-24 14:57:25-05:00;True;Minas Gerais;C√äS S√ÉO F*DA! BRIGADA POR TUDO SEMPRE
981;981;2023-05-24 14:58:07-05:00;False;S√£o Paulo;n√£o deixa queimar
982;982;2023-05-24 14:58:32-05:00;False;S√£o Paulo;
983;983;2023-05-24 15:02:10-05:00;False;S√£o Paulo;Obrigado!
984;984;2023-05-24 15:03:02-05:00;False;S√£o Paulo;
985;985;2023-05-24 15:05:32-05:00;True;Goi√°s;
986;986;2023-05-24 15:06:18-05:00;False;Mato Grosso do Sul;
987;987;2023-05-24 15:06:41-05:00;True;Rio Grande do Norte;
988;988;2023-05-24 15:06:51-05:00;False;S√£o Paulo;
989;989;2023-05-24 15:07:41-05:00;False;Minas Gerais;
990;990;2023-05-24 15:09:13-05:00;False;S√£o Paulo;
991;991;2023-05-24 15:10:04-05:00;True;Maranh√£o;
992;992;2023-05-24 15:10:50-05:00;True;Rio Grande do Sul;
993;993;2023-05-24 15:14:55-05:00;True;S√£o Paulo;
994;994;2023-05-24 15:15:22-05:00;True;Pernambuco;
995;995;2023-05-24 15:15:29-05:00;True;Rio Grande do Norte;
996;996;2023-05-24 15:15:58-05:00;True;Alagoas;
997;997;2023-05-24 15:16:37-05:00;False;Distrito Federal;Se poss√≠vel, adicionar Manjeric√£o!
998;998;2023-05-24 15:17:48-05:00;True;Santa Catarina;Sabe muito! üôÖüèΩ‚Äç‚ôÇÔ∏è
999;999;2023-05-24 15:17:49-05:00;True;Cear√°;Otimo evento
1000;1000;2023-05-24 15:18:03-05:00;False;Paran√°;Expectativa para a aula
1001;1001;2023-05-24 15:18:03-05:00;True;S√£o Paulo;VAIII
1002;1002;2023-05-24 15:18:08-05:00;False;Minas Gerais;Excelente pizza a todos n√≥s
1003;1003;2023-05-24 15:18:16-05:00;True;Pernambuco;
1004;1004;2023-05-24 15:18:32-05:00;False;Pernambuco;Arrocha o n√≥!
1005;1005;2023-05-24 15:18:34-05:00;True;Para√≠ba;√â noiz
1006;1006;2023-05-24 15:19:15-05:00;True;Par√°;
1007;1007;2023-05-24 15:20:38-05:00;False;S√£o Paulo;N√£o
1008;1008;2023-05-24 15:22:45-05:00;False;Bahia;
1009;1009;2023-05-24 15:23:30-05:00;False;Amap√°;
1010;1010;2023-05-24 15:23:39-05:00;False;Santa Catarina;Hoje tem gol do ribamar
1011;1011;2023-05-24 15:23:48-05:00;False;S√£o Paulo;Top!
1012;1012;2023-05-24 15:23:58-05:00;False;Bahia;N√£o
1013;1013;2023-05-24 15:24:39-05:00;False;Rio de Janeiro;TMJ
1014;1014;2023-05-24 15:26:01-05:00;True;Minas Gerais;Primeira aula
1015;1015;2023-05-24 15:27:07-05:00;False;Rio de Janeiro;
1016;1016;2023-05-24 15:27:16-05:00;False;Rio de Janeiro;To com fome!
1017;1017;2023-05-24 15:27:23-05:00;False;Maranh√£o;Capricha meu lindo!
1018;1018;2023-05-24 15:28:59-05:00;False;S√£o Paulo;
1019;1019;2023-05-24 15:36:34-05:00;True;Paran√°;
1020;1020;2023-05-24 15:36:55-05:00;True;Distrito Federal;
1021;1021;2023-05-24 15:39:55-05:00;False;S√£o Paulo;Capricha
1022;1022;2023-05-24 15:44:13-05:00;False;S√£o Paulo;
1023;1023;2023-05-24 15:54:19-05:00;True;S√£o Paulo;
1024;1024;2023-05-24 15:55:22-05:00;True;S√£o Paulo;N√£o, j√° acabou a live :v
1025;1025;2023-05-24 15:59:26-05:00;False;S√£o Paulo;Capricha
1026;1026;2023-05-24 16:02:47-05:00;False;S√£o Paulo;
1027;1027;2023-05-24 16:03:55-05:00;False;S√£o Paulo;Amigos, faltou incluir manjeric√£o na lista de ingredientes. Sem ele n√£o deu pra eu montar a pizza perfeita: Marguerita!
1028;1028;2023-05-24 16:07:11-05:00;True;Santa Catarina;foi top!!
1029;1029;2023-05-24 16:09:06-05:00;False;Santa Catarina;
1030;1030;2023-05-24 16:20:26-05:00;True;S√£o Paulo;
1031;1031;2023-05-24 16:21:38-05:00;True;Cear√°;Voc√™s S√£o Demais!!! #VAI !!!!!!
1032;1032;2023-05-24 16:25:31-05:00;False;S√£o Paulo;Obrigada por passar conhecimento de qualidade e forma gratuita!
1033;1033;2023-05-24 16:35:45-05:00;False;S√£o Paulo;vai!
1034;1034;2023-05-24 16:36:24-05:00;True;Rio de Janeiro;
1035;1035;2023-05-24 16:42:23-05:00;False;S√£o Paulo;
1036;1036;2023-05-24 16:43:53-05:00;True;Esp√≠rito Santo;SQL na Veia!!!
1037;1037;2023-05-24 16:46:42-05:00;True;Par√°;I'm hungry!!!
1038;1038;2023-05-24 16:50:44-05:00;False;Maranh√£o;Vou ser um ci√™ntista de dados
1039;1039;2023-05-24 16:52:49-05:00;False;Par√°;
1040;1040;2023-05-24 16:59:26-05:00;True;S√£o Paulo;
1041;1041;2023-05-24 17:03:01-05:00;False;S√£o Paulo;Cad√™ o catupiry?
1042;1042;2023-05-24 17:05:47-05:00;True;Minas Gerais;Adicional de uva passa, por favor
1043;1043;2023-05-24 17:15:14-05:00;False;Esp√≠rito Santo;Opa
1044;1044;2023-05-24 17:35:44-05:00;False;S√£o Paulo;
1045;1045;2023-05-24 17:38:23-05:00;True;Rio Grande do Sul;voces sao demais ajudam muitas pessoas
1046;1046;2023-05-24 17:52:47-05:00;False;S√£o Paulo;Onde √© essa live?
1047;1047;2023-05-24 17:56:06-05:00;False;S√£o Paulo;
1048;1048;2023-05-24 18:08:42-05:00;True;Minas Gerais;XDD espero aprender bastante com os pizzaiolo
1049;1049;2023-05-24 18:14:59-05:00;False;S√£o Paulo;
1050;1050;2023-05-24 18:23:57-05:00;False;S√£o Paulo;No capricho!
1051;1051;2023-05-24 19:00:10-05:00;False;Rio Grande do Sul;S√£o tops
1052;1052;2023-05-24 19:22:50-05:00;True;Bahia;
1053;1053;2023-05-24 20:05:09-05:00;True;Minas Gerais;Obrigada! Voc√™s s√£o demais!!!
1054;1054;2023-05-24 20:32:42-05:00;False;Pernambuco;Gooooooo
1055;1055;2023-05-24 20:53:05-05:00;True;Pernambuco;
1056;1056;2023-05-24 21:19:04-05:00;True;Piau√≠;
1057;1057;2023-05-24 21:23:56-05:00;True;Rio de Janeiro;
1058;1058;2023-05-25 00:00:40-05:00;True;Rio de Janeiro;
1059;1059;2023-05-25 00:22:06-05:00;True;S√£o Paulo;Muito azeite na hora de deployar
1060;1060;2023-05-25 00:28:17-05:00;False;S√£o Paulo;
1061;1061;2023-05-25 01:42:22-05:00;False;S√£o Paulo;A pizza √© feita em forno a lenha?
1062;1062;2023-05-25 01:55:33-05:00;True;Esp√≠rito Santo;
1063;1063;2023-05-25 02:27:45-05:00;False;S√£o Paulo;
1064;1064;2023-05-25 02:32:17-05:00;True;Tocantins;
1065;1065;2023-05-25 02:32:29-05:00;False;Paran√°;M√£o na massa!
1066;1066;2023-05-25 02:56:39-05:00;False;S√£o Paulo;Voc√™s s√£o do CRLH!! :-) *Poderia rolar uma massa de fermenta√ß√£o longa!! Grande abra√ßo!
1067;1067;2023-05-25 02:56:45-05:00;False;Rio de Janeiro;
1068;1068;2023-05-25 03:05:54-05:00;False;S√£o Paulo;Entrega em 1h ou a pizza sai de gra√ßa! Topam?
1069;1069;2023-05-25 03:10:37-05:00;True;Rio de Janeiro;
1070;1070;2023-05-25 03:31:18-05:00;False;Paran√°;
1071;1071;2023-05-25 03:54:49-05:00;False;S√£o Paulo;
1072;1072;2023-05-25 05:22:52-05:00;True;Esp√≠rito Santo;Hmmm pizza gostosa
1073;1073;2023-05-25 05:25:22-05:00;False;Esp√≠rito Santo;
1074;1074;2023-05-25 05:31:30-05:00;False;Minas Gerais;
1075;1075;2023-05-25 05:40:07-05:00;True;Bahia;Caprichaaaaa hahah
1076;1076;2023-05-25 05:42:00-05:00;False;S√£o Paulo;cad√™ o molho de tomateeeeee
1077;1077;2023-05-25 05:46:56-05:00;True;Bahia;Parab√©ns pela iniciativa! :)
1078;1078;2023-05-25 05:59:16-05:00;True;Cear√°;Tamo Junto..
1079;1079;2023-05-25 06:12:36-05:00;False;Distrito Federal;#VAIII
1080;1080;2023-05-25 06:43:38-05:00;True;Sergipe;
1081;1081;2023-05-25 07:24:11-05:00;False;S√£o Paulo;
1082;1082;2023-05-25 07:31:36-05:00;False;S√£o Paulo;
1083;1083;2023-05-25 07:38:03-05:00;True;Goi√°s;Admiro de mais voc√™s.
1084;1084;2023-05-25 07:55:43-05:00;True;Bahia;
1085;1085;2023-05-25 08:04:46-05:00;False;Rio de Janeiro;
1086;1086;2023-05-25 08:23:43-05:00;True;S√£o Paulo;
1087;1087;2023-05-25 08:36:20-05:00;False;Santa Catarina;Aceita Pix? Muita boa a id√©ia!
1088;1088;2023-05-25 08:38:03-05:00;False;Bahia;
1089;1089;2023-05-25 08:59:41-05:00;True;Bahia;
1090;1090;2023-05-25 09:06:48-05:00;False;Rond√¥nia;
1091;1091;2023-05-25 09:22:50-05:00;True;Minas Gerais;Falso Calvo
1092;1092;2023-05-25 09:23:32-05:00;False;Rond√¥nia;
1093;1093;2023-05-25 10:32:17-05:00;True;S√£o Paulo;
1094;1094;2023-05-25 11:06:14-05:00;False;S√£o Paulo;Massa bem assada
1095;1095;2023-05-25 11:09:06-05:00;False;Goi√°s;Capricha no recheio!
1096;1096;2023-05-25 11:34:44-05:00;True;Santa Catarina;Keep doing the great work
1097;1097;2023-05-25 11:35:45-05:00;False;Paran√°;
1098;1098;2023-05-25 11:38:01-05:00;False;Paran√°;Obrigado por tudo caras!!
1099;1099;2023-05-25 11:38:25-05:00;True;Minas Gerais;
1100;1100;2023-05-25 11:45:07-05:00;True;Rio de Janeiro;
1101;1101;2023-05-25 11:47:40-05:00;True;Sergipe;Esse formul√°rio deu fome no meio do expediente! Como fa√ßo pra codar agora???
1102;1102;2023-05-25 11:55:35-05:00;False;S√£o Paulo;
1103;1103;2023-05-25 12:07:05-05:00;False;S√£o Paulo;Bastante queijo
1104;1104;2023-05-25 13:18:02-05:00;True;S√£o Paulo;
1105;1105;2023-05-25 13:27:12-05:00;False;S√£o Paulo;Favor deixar a massa crocante e lave as m√£os.
